id,start_timestamp,duration,start_frame_index,end_frame_index,norm_pos_x,norm_pos_y,dispersion,confidence,method,gaze_point_3d_x,gaze_point_3d_y,gaze_point_3d_z,base_data
0,107025.387747,227.8610000066692,2,16,0.4317202776374562,0.6240823302841078,1.4938806015571169,0.7457713842391968,3d gaze,-50.360295559225484,-68.63723274183307,479.0830540709454,107025.387747 107025.395659 107025.412374 107025.42017 107025.61560800001
1,107026.101721,296.08750001352746,44,65,0.45024914016916484,0.5847504481358146,1.4391975701568593,0.8930519368197467,3d gaze,-147.4334292732569,-184.2739743266488,1877.9799106584553,107026.101721 107026.105848 107026.109811 107026.113715 107026.117724 107026.121837 107026.12595049999 107026.1298925 107026.13390849999 107026.137997 107026.141855 107026.145686 107026.151683 107026.155665 107026.1604965 107026.1653165 107026.16863950001 107026.17187600001 107026.1759365 107026.1799095 107026.1840785 107026.188175 107026.1944055 107026.200536 107026.2022455 107026.2049525 107026.2088315 107026.21167749999 107026.215658 107026.2196185 107026.2238665 107026.22810050001 107026.231899 107026.23567349999 107026.23971299999 107026.2437205 107026.247722 107026.2517145 107026.2556825 107026.259665 107026.2639365 107026.268199 107026.271969 107026.275731 107026.279773 107026.283813 107026.2878075 107026.29180400001 107026.299802 107026.3078105 107026.310281 107026.3128425 107026.314908 107026.316811 107026.32029549999 107026.3237215 107026.3276875 107026.331653 107026.337876 107026.344111 107026.3459615 107026.347917 107026.352033 107026.3560305 107026.3602815 107026.3645305 107026.36814400001 107026.37175749999 107026.3779515 107026.3819645 107026.3864625 107026.3903415 107026.3938395 107026.39780850001
2,107026.99199899999,231.66250000940636,103,119,0.4250335084624561,0.5934003084262655,1.4533088714478875,0.8859977722167969,3d gaze,-505.68683419796395,-472.0186772310482,4420.935170236347,107026.99199899999 107026.9959975 107026.99821749999 107027.00194650001 107027.0059625 107027.0097485 107027.0137725 107027.0178895 107027.0219465 107027.02584700001 107027.029728 107027.03371 107027.03772 107027.04185149999 107027.045836 107027.0497335 107027.0537055 107027.057675 107027.06175749999 107027.0682925 107027.0737175 107027.07712850001 107027.080372 107027.08239950001 107027.08765100001 107027.0916805 107027.09582 107027.099959 107027.1038335 107027.107708 107027.1116875 107027.115667 107027.1197085 107027.12374350001 107027.127748 107027.131771 107027.1359465 107027.1399525 107027.144022 107027.1479475 107027.151797 107027.1556645 107027.159648 107027.1636145 107027.1677555 107027.1718945 107027.17591650001 107027.180063 107027.183931 107027.18767449999 107027.191698 107027.1957135 107027.199724 107027.203736 107027.20783150001 107027.21191750001 107027.2158305 107027.21974249999 107027.2236615
3,107027.24374949999,201.85000001220033,120,134,0.4285552854686042,0.5948176879453454,1.3043110587872895,0.891025633204217,3d gaze,-151.379435279261,-150.8586626399307,1370.146920434432,107027.24374949999 107027.247917 107027.25206299999 107027.255842 107027.259614 107027.26422 107027.26882699999 107027.272373 107027.2758115 107027.279775 107027.28361750001 107027.287691 107027.291749 107027.295805 107027.2998565 107027.3038585 107027.3078785 107027.313788 107027.317694 107027.3220125 107027.325988 107027.3301395 107027.33428350001 107027.3378125 107027.3418675 107027.345867 107027.350437 107027.35443850001 107027.357781 107027.3617795 107027.3658315 107027.369837 107027.3736855 107027.37792500001 107027.381997 107027.3857955 107027.3897325 107027.39411 107027.398534 107027.4023925 107027.4061735 107027.40995100001 107027.413876 107027.417886 107027.421748 107027.42577100001 107027.43015649999 107027.4341215 107027.437776 107027.441674 107027.4455995
4,107027.981679,201.9984999933513,175,188,0.47759332358917045,0.6030136573122291,1.4870815068656547,0.9394953858618643,3d gaze,-25.648386833962743,-88.45728386434006,741.9212450933948,107027.981679 107027.9856825 107027.989612 107027.99508749999 107027.9991815 107028.002341 107028.006295 107028.009655 107028.013701 107028.0179145 107028.023862 107028.0276695 107028.0319535 107028.03623700001 107028.0402175 107028.044213 107028.0479535 107028.05167849999 107028.055687 107028.059695 107028.0637235 107028.067781 107028.0719285 107028.07604449999 107028.0798955 107028.0837475 107028.087761 107028.09176350001 107028.096264 107028.10075700001 107028.1060695 107028.11138300001 107028.1135495 107028.116899 107028.121002 107028.123905 107028.12788750001 107028.131853 107028.1359265 107028.13999200001 107028.1439315 107028.1478775 107028.1519815 107028.156074 107028.15991799999 107028.16377300001 107028.1678215 107028.171884 107028.17582050001 107028.17973050001 107028.1836775
5,107029.7737875,258.8240000040969,300,320,0.49933195492671,0.572734154113777,1.29840943870442,0.9080893213932331,3d gaze,-0.6993970220568544,-55.323007561400885,655.6130415610611,107029.7737875 107029.777785 107029.78167699999 107029.785707 107029.78997400001 107029.7940965 107029.797781 107029.8016585 107029.805889 107029.8105805 107029.81466050001 107029.818405 107029.82402550001 107029.82800450001 107029.83147800001 107029.835176 107029.8378645 107029.841734 107029.84574250001 107029.849832 107029.8537655 107029.8576745 107029.86166299999 107029.8662365 107029.87029349999 107029.8737515 107029.87775049999 107029.88182849999 107029.885814 107029.889738 107029.89577100001 107029.8997935 107029.903865 107029.90790399999 107029.91184 107029.91571500001 107029.919792 107029.9238245 107029.927787 107029.9317445 107029.9356805 107029.9396155 107029.943683 107029.9477495 107029.9518525 107029.9559555 107029.95989200001 107029.9638195 107029.96777650001 107029.971719 107029.975699 107029.97967599999 107029.9839385 107029.9881825 107029.9920455 107029.995855 107029.999801 107030.0037045 107030.007716 107030.0117235 107030.015804 107030.0198825 107030.02385900001 107030.02783450001 107030.0326115
6,107037.555653,210.12049999262672,830,840,0.5339953977635425,0.47581995131655486,1.4843208681774953,0.9221912897982687,3d gaze,120.91476433801652,64.62399438109819,2246.266858295602,107037.555653 107037.5597975 107037.5639735 107037.5678405 107037.57165150001 107037.575636 107037.579596 107037.58362349999 107037.58765 107037.591697 107037.5977525 107037.6018075 107037.60575450001 107037.610956 107037.6150185 107037.6190835 107037.62310900001 107037.6258465 107037.63006550001 107037.63404599999 107037.6377625 107037.642009 107037.646121 107037.6498295 107037.65386600001 107037.65793700001 107037.662797 107037.666716 107037.6697835 107037.673873 107037.67777400001 107037.681945 107037.68625550001 107037.6900665 107037.6938335 107037.69780600001 107037.701799 107037.70586049999 107037.710138 107037.714901 107037.7185965 107037.7220975 107037.7264435 107037.73028250001 107037.7339065 107037.73765699999 107037.7417515 107037.745864 107037.7498605 107037.75392250001 107037.7578975 107037.761805 107037.7657735
7,107038.174098,293.4989999921527,867,887,0.6083006843138202,0.30214656761741093,1.4935797160317148,0.7789599957137272,3d gaze,76.79402265138611,105.21968399545027,460.58245440522376,107038.174098 107038.179904 107038.189498 107038.195809 107038.203781 107038.21163 107038.219916 107038.23745 107038.251887 107038.259777 107038.2678 107038.275581 107038.283603 107038.29967000001 107038.308443 107038.317179 107038.323626 107038.331659 107038.339762 107038.348495 107038.371688 107038.37970800001 107038.387697 107038.395694 107038.403918 107038.411793 107038.435675 107038.443698 107038.467597
8,107038.5577625,201.25699999334756,894,905,0.5486822249873334,0.44378741096639424,1.415145548804488,0.8380113471707599,3d gaze,88.23414478425724,75.93662844281793,1166.456298063155,107038.5577625 107038.56181049999 107038.5658035 107038.57000149999 107038.57407599999 107038.577873 107038.58182349999 107038.58602399999 107038.589985 107038.5936645 107038.5976865 107038.60179 107038.605801 107038.6097285 107038.61389149999 107038.6179995 107038.6218545 107038.6258375 107038.629834 107038.6337415 107038.6377745 107038.6418195 107038.6458135 107038.649804 107038.6537505 107038.657684 107038.661664 107038.6656965 107038.6696655 107038.67366999999 107038.677799 107038.68185349999 107038.685778 107038.68970300001 107038.69374300001 107038.6977625 107038.70179749999 107038.7057745 107038.710016 107038.7162435 107038.720081 107038.725563 107038.728051 107038.7333745 107038.735735 107038.74275199999 107038.749707 107038.754477 107038.7590195
9,107039.40060349999,225.3775000135647,945,960,0.39675037833271753,0.38435191863271373,1.1534815417313784,0.899834871814962,3d gaze,-1951.3635216661685,1644.1761773243575,12658.862213311182,107039.40060349999 107039.4053885 107039.4088995 107039.4122945 107039.416178 107039.41994749999 107039.42405199999 107039.42815699999 107039.432105 107039.436052 107039.439938 107039.443802 107039.448258 107039.4526995 107039.45627600001 107039.459845 107039.4658605 107039.469948 107039.47404649999 107039.478168 107039.481947 107039.485796 107039.490402 107039.49437 107039.498023 107039.5021055 107039.5058695 107039.5099825 107039.513962 107039.51934550001 107039.5234345 107039.5267325 107039.5307075 107039.5338205 107039.53823800001 107039.54222450001 107039.54612049999 107039.550114 107039.553973 107039.55802200001 107039.5617995 107039.566317 107039.57079150001 107039.5741765 107039.577609 107039.581638 107039.5857165 107039.589746 107039.593892 107039.5980905 107039.602376 107039.60623850001 107039.609746 107039.6136525 107039.6177415 107039.62198 107039.625981
10,107043.05595000001,298.13199999625795,1188,1208,0.4247798855039143,0.5047808527020575,1.4837029868359413,0.9095269922415415,3d gaze,-983.4984538719988,-70.85283907010908,8521.91481699046,107043.05595000001 107043.06016 107043.06446 107043.06874049999 107043.072249 107043.075731 107043.0797345 107043.08372950001 107043.08775949999 107043.091791 107043.09674899999 107043.101703 107043.1047855 107043.1081135 107043.11236950001 107043.11639000001 107043.120039 107043.1236755 107043.1278075 107043.1319485 107043.1358915 107043.13980850001 107043.1437955 107043.147759 107043.15189499999 107043.15603849999 107043.1598585 107043.16365900001 107043.16766 107043.1716555 107043.175685 107043.17971 107043.18374549999 107043.187775 107043.1917685 107043.195763 107043.202249 107043.206206 107043.21022549999 107043.213674 107043.21779349999 107043.221789 107043.225604 107043.2296675 107043.23373800001 107043.23846950001 107043.24260550001 107043.24580199999 107043.249664 107043.25374 107043.25783 107043.2620865 107043.266003 107043.2696915 107043.273709 107043.27785099999 107043.28216249999 107043.2861465 107043.2900835 107043.29400250001 107043.297825 107043.30182950001 107043.30611050001 107043.31007549999 107043.313678 107043.31768050001 107043.3217715 107043.3258185 107043.3297395 107043.3336725 107043.33766399999 107043.3418775 107043.346057 107043.349875 107043.354082
11,107044.319588,256.150000001071,1270,1289,0.32950218753593524,0.442295021396661,1.3659393322845022,0.9229042754723475,3d gaze,-317.15129444767865,80.86951406444913,1201.7115028790577,107044.319588 107044.3230685 107044.325801 107044.32974700001 107044.3337305 107044.34040049999 107044.345152 107044.3473215 107044.35070149999 107044.35424 107044.3586795 107044.3639115 107044.367302 107044.369687 107044.37367 107044.377857 107044.381919 107044.38781799999 107044.391832 107044.39576049999 107044.3996795 107044.403696 107044.407713 107044.412499 107044.417284 107044.420512 107044.4237265 107044.4277435 107044.431743 107044.435784 107044.4398225 107044.443769 107044.4477145 107044.45183199999 107044.45594849999 107044.459896 107044.46384400001 107044.4677415 107044.4716355 107044.4758405 107044.48004349999 107044.484034 107044.488024 107044.4918555 107044.495673 107044.4996795 107044.5036715 107044.50765700001 107044.51164099999 107044.515803 107044.51996450001 107044.5238525 107044.52774 107044.53173700001 107044.5357335 107044.53971350001 107044.54369250001 107044.54771449999 107044.5517365 107044.5556895 107044.55964250001 107044.563651 107044.5676755 107044.57171399999 107044.575738
12,107045.692109,216.16999999969266,1365,1378,0.5423759577170894,0.377492093478311,1.4773341064348235,0.7386492093404134,3d gaze,31.032303623887884,67.303172418818,475.7761312309511,107045.692109 107045.886914 107045.908279
13,107048.8938495,277.92849999968894,1576,1594,0.46308573367466865,0.5043833467000319,1.4857382563466641,0.9559571576969964,3d gaze,-473.1488331028477,-45.82598722914409,8281.544809832614,107048.8938495 107048.8978 107048.9016755 107048.90568950001 107048.9096405 107048.913621 107048.9177185 107048.921818 107048.925927 107048.92983400001 107048.93369800001 107048.937692 107048.9419465 107048.9459985 107048.9497695 107048.95375700001 107048.95781600001 107048.962536 107048.96647049999 107048.969794 107048.973772 107048.977716 107048.98168150001 107048.9856855 107048.9898275 107048.993873 107048.998275 107049.0023035 107049.0057865 107049.0097065 107049.013861 107049.018156 107049.02206799999 107049.025849 107049.029924 107049.0349435 107049.0387725 107049.0416555 107049.045705 107049.0499975 107049.05410000001 107049.0598495 107049.0637225 107049.06768549999 107049.071647 107049.075946 107049.08024350001 107049.0841135 107049.08796 107049.091962 107049.0959205 107049.100481 107049.10502049999 107049.1084115 107049.11182600001 107049.11582050001 107049.1197905 107049.12373200001 107049.1276725 107049.1316855 107049.1357 107049.13981 107049.14391 107049.1478405 107049.1517635 107049.155713 107049.159662 107049.163702 107049.167742 107049.171778
14,107049.7236645,296.8465000158176,1631,1648,0.26940511030762443,0.4244885463261907,1.4800980659799523,0.8954635097368343,3d gaze,-291.6204193444085,71.52836352965276,819.814619261562,107049.7236645 107049.7276425 107049.731603 107049.73566199999 107049.73971699999 107049.74573200001 107049.749705 107049.753735 107049.75768750001 107049.7617395 107049.7661275 107049.770337 107049.7752475 107049.78028450001 107049.783018 107049.786488 107049.790534 107049.79379699999 107049.7977405 107049.80167049999 107049.805706 107049.80982550001 107049.81381600001 107049.81777950001 107049.822144 107049.826149 107049.829902 107049.833828 107049.837747 107049.8417685 107049.8457165 107049.8497215 107049.854123 107049.858727 107049.8635555 107049.866928 107049.869716 107049.873792 107049.87790749999 107049.8818165 107049.8859015 107049.889921 107049.893754 107049.898008 107049.90201650001 107049.907319 107049.91136550001 107049.91389 107049.917874 107049.922092 107049.9259895 107049.9298135 107049.934542 107049.9386105 107049.9421005 107049.946098 107049.949869 107049.9536875 107049.95787849999 107049.9626515 107049.96685550001 107049.971191 107049.9750265 107049.978041 107049.982094 107049.985932 107049.9897145 107049.9957445 107049.99969 107050.00392250001 107050.00821100001 107050.01212900001 107050.0159675 107050.02051100001
15,107050.48393,227.8749999968568,1676,1692,0.052032350548142446,0.3322032748064431,1.3737831523441346,0.963408677742399,3d gaze,-283.09246202245464,79.52725569205404,410.47331675000316,107050.48393 107050.49206 107050.502038 107050.509059 107050.518404 107050.524015 107050.531661 107050.540735 107050.548088 107050.555756 107050.563908 107050.5718 107050.579659 107050.587694 107050.595621 107050.603716 107050.611748 107050.622835 107050.628299 107050.635594 107050.643903 107050.65167 107050.65985 107050.668687 107050.678211 107050.687641 107050.695666 107050.703883 107050.711805
16,107053.60184049999,245.8395000139717,1891,1908,0.39566490788265524,0.5038597795492588,1.2554083901101012,0.9026852817304672,3d gaze,-760.3838275102198,9.881097464516563,4755.087344051815,107053.60184049999 107053.6057255 107053.60978150001 107053.613841 107053.6177755 107053.621664 107053.6256095 107053.629641 107053.633757 107053.637841 107053.6418855 107053.64585850001 107053.6499365 107053.653867 107053.65765000001 107053.66175 107053.66581800001 107053.6697505 107053.6737115 107053.678096 107053.682423 107053.686067 107053.689865 107053.69386500001 107053.6977315 107053.701705 107053.7056805 107053.70965 107053.7137485 107053.71778199999 107053.72171499999 107053.725889 107053.73188050001 107053.735678 107053.73968900001 107053.7436935 107053.7476935 107053.7516955 107053.75587 107053.7600415 107053.7639235 107053.7678205 107053.77202850001 107053.77605300001 107053.779987 107053.78376749999 107053.7879345 107053.7919035 107053.79589099999 107053.79970999999 107053.8038625 107053.808 107053.8118495 107053.815697 107053.8197705 107053.82384150001 107053.8278825 107053.831924 107053.835886 107053.8398315 107053.8437635 107053.84768
17,107053.8811035,200.7210000010673,1910,1924,0.40334187762618157,0.4791035964186528,1.3365601442595454,0.8846985095856237,3d gaze,-1746.2851451373904,288.04314622736393,11635.218736508323,107053.8811035 107053.88519850001 107053.8878695 107053.891798 107053.8956745 107053.8997525 107053.9038325 107053.9078715 107053.91192799999 107053.91584249999 107053.919744 107053.924462 107053.929173 107053.932409 107053.93563200001 107053.939732 107053.9438175 107053.94776400001 107053.951709 107053.95769899999 107053.962941 107053.965832 107053.9698725 107053.97395 107053.982044 107053.98804 107053.9918165 107053.9954105 107053.997679 107053.9999425 107054.00391249999 107054.006172 107054.00975900001 107054.013873 107054.018262 107054.022077 107054.0256305 107054.0296295 107054.033639 107054.03765000001 107054.0422255 107054.04621100001 107054.0496765 107054.05377649999 107054.057747 107054.06177649999 107054.0658415 107054.06974199999 107054.0739405 107054.078002 107054.0818245
18,107056.55160149999,218.16500001295935,2090,2106,0.3930883686161055,0.4959482630336574,1.4595626058043116,0.8788975681419726,3d gaze,-846.0014306391577,29.83260594651344,5149.232160724284,107056.55160149999 107056.555677 107056.559744 107056.563784 107056.567829 107056.571945 107056.5760555 107056.581109 107056.58615700001 107056.5889215 107056.5919295 107056.595927 107056.59967550001 107056.6037395 107056.607934 107056.61185300001 107056.61564599999 107056.619691 107056.6281995 107056.6321815 107056.636264 107056.63986 107056.643962 107056.64806549999 107056.652083 107056.6561 107056.6599265 107056.6637745 107056.6678 107056.671803 107056.675728 107056.6796565 107056.6841435 107056.6886295 107056.69232249999 107056.6960135 107056.6999435 107056.703873 107056.707833 107056.711793 107056.715757 107056.719714 107056.7237345 107056.7277495 107056.73174250001 107056.73573449999 107056.739769 107056.7437995 107056.74782300001 107056.7518345 107056.75581 107056.76185499999 107056.76581449999 107056.7697665
19,107058.0202135,297.54099999263417,2188,2209,0.40823629345518636,0.5046495759117196,1.4060521526991985,0.8575396239757538,3d gaze,-1549.1050019464026,-39.243334720690214,10672.534189052212,107058.0202135 107058.024427 107058.028162 107058.0318905 107058.03562750001 107058.0397625 107058.04388900001 107058.04810350001 107058.052316 107058.05602399999 107058.05970499999 107058.06382 107058.067945 107058.07185850001 107058.0757365 107058.0802 107058.084659 107058.088674 107058.09268199999 107058.0961975 107058.09971099999 107058.103683 107058.1076555 107058.1117795 107058.115899 107058.1197795 107058.123661 107058.127689 107058.13171449999 107058.1356905 107058.13966449999 107058.143793 107058.1478945 107058.1523405 107058.1567735 107058.162574 107058.16667 107058.17002399999 107058.174987 107058.1790335 107058.1823775 107058.18635199999 107058.1897025 107058.193719 107058.19771949999 107058.20190049999 107058.20593550001 107058.20967350001 107058.213722 107058.21773500001 107058.22165600001 107058.2257555 107058.2297785 107058.233744 107058.237822 107058.24184199999 107058.24658199999 107058.250639 107058.25390000001 107058.2579165 107058.26183999999 107058.2663965 107058.2703455 107058.27373049999 107058.2777485 107058.2816545 107058.2858975 107058.290066 107058.293861 107058.297713 107058.301707 107058.305723 107058.3098995 107058.313911 107058.31775449999
20,107059.544604,225.54899999522604,2290,2306,0.31242558087117667,0.5115130624044782,1.389506002365616,0.875084977923778,3d gaze,-2026.039963718924,-89.57997300633203,6935.015541558551,107059.544604 107059.5486455 107059.55258650001 107059.55618099999 107059.559774 107059.565768 107059.569704 107059.57449550001 107059.5784645 107059.58179 107059.58587800001 107059.589768 107059.59385850001 107059.597912 107059.60176 107059.60624200001 107059.610533 107059.61412099999 107059.6178755 107059.6217995 107059.6257725 107059.630405 107059.6344805 107059.63783250001 107059.641728 107059.6457475 107059.64992 107059.6539185 107059.657882 107059.662055 107059.66610450001 107059.669897 107059.6737395 107059.6779175 107059.68187649999 107059.6856675 107059.6896405 107059.6936235 107059.697644 107059.7018085 107059.70600949999 107059.7099665 107059.713831 107059.717982 107059.72453050001 107059.72958350001 107059.731412 107059.734313 107059.737846 107059.7416625 107059.745876 107059.750127 107059.754077 107059.7578315 107059.762173 107059.76657949999 107059.77015299999
21,107061.18167650001,222.3179999855347,2401,2416,0.3013131125554281,0.40211209705945056,1.4143846115353362,0.8753298074007034,3d gaze,-251.53044048555756,92.09925735905074,822.8673188651517,107061.18167650001 107061.18566799999 107061.1897855 107061.19393549999 107061.197777 107061.204563 107061.20968500001 107061.2132515 107061.21829399999 107061.2227465 107061.2246355 107061.228719 107061.231914 107061.23579800001 107061.2396625 107061.2437835 107061.247882 107061.251908 107061.25590250001 107061.2598145 107061.2637175 107061.26789399999 107061.272055 107061.2758755 107061.279696 107061.28377899999 107061.287863 107061.2920865 107061.296305 107061.300438 107061.304474 107061.30813399999 107061.31171499999 107061.3156945 107061.31963449999 107061.323678 107061.327684 107061.331779 107061.3359225 107061.33985399999 107061.343708 107061.3479235 107061.35208350001 107061.3559425 107061.359768 107061.363827 107061.3678395 107061.3724285 107061.376915 107061.38119449999 107061.3854915 107061.38858500001 107061.3915995 107061.3956365 107061.399673 107061.4039945
22,107062.629464,207.66449999064207,2497,2512,0.521707057506099,0.5108166822461466,1.3530150990990097,0.8532348561286927,3d gaze,50.277954625972235,-19.014845202530594,1487.30268430016,107062.629464 107062.6327365 107062.6358305 107062.6397215 107062.64360899999 107062.6476405 107062.65166850001 107062.6556685 107062.6596675 107062.66403100001 107062.6683965 107062.67204 107062.675682 107062.67963999999 107062.68360749999 107062.687905 107062.6921915 107062.696016 107062.6998395 107062.703874 107062.707908 107062.71190349999 107062.7159095 107062.71985950001 107062.7237845 107062.727717 107062.73162050001 107062.735706 107062.7398155 107062.744028 107062.7481945 107062.7522075 107062.756209 107062.760157 107062.7640925 107062.7708425 107062.77758349999 107062.7808445 107062.782989 107062.78588350001 107062.78765350001 107062.7916885 107062.795715 107062.8016205 107062.807524 107062.8160475 107062.8245695 107062.82940799999 107062.83425049999 107062.83712849999
23,107064.03979099999,219.79350001493003,2591,2607,0.36666577475497525,0.5104937356917709,1.4901737015872651,0.868651687557047,3d gaze,-437.010253439864,-25.60808731832892,2136.371225630446,107064.03979099999 107064.043787 107064.047726 107064.05190650001 107064.0560785 107064.059935 107064.0637925 107064.0677025 107064.0716085 107064.07561550001 107064.0796195 107064.0837305 107064.08786150001 107064.091935 107064.0959875 107064.10003 107064.1040695 107064.107875 107064.111674 107064.115762 107064.119851 107064.1245805 107064.129297 107064.13250899999 107064.1358715 107064.139915 107064.14383700001 107064.1506935 107064.15751399999 107064.160478 107064.163367 107064.1672845 107064.17112849999 107064.174229 107064.17732799999 107064.18085 107064.1843675 107064.18797999999 107064.191582 107064.19567049999 107064.1997505 107064.203741 107064.20772899999 107064.211701 107064.21567450001 107064.2197255 107064.223776 107064.227804 107064.23183050001 107064.2377535 107064.241657 107064.246144 107064.25072499999 107064.256196 107064.2595845
24,107064.2616915,226.93800000706688,2607,2623,0.3814296641291648,0.49623164207639053,1.3773089923122732,0.8615126029441231,3d gaze,-326.6040407683071,7.8478216879241405,1786.0881506022683,107064.2616915 107064.265685 107064.26971200001 107064.2740495 107064.278068 107064.2818625 107064.2857495 107064.2898935 107064.294135 107064.297975 107064.30195 107064.305987 107064.3098725 107064.3137485 107064.317674 107064.3216625 107064.325826 107064.329824 107064.3336755 107064.3376765 107064.3417195 107064.345751 107064.3498265 107064.3566375 107064.361377 107064.3628075 107064.3658805 107064.369873 107064.373959 107064.377813 107064.381768 107064.385671 107064.3897385 107064.393835 107064.39789600001 107064.4018755 107064.40578 107064.40980600001 107064.4140505 107064.4192825 107064.4230225 107064.425669 107064.42964650001 107064.433724 107064.4378395 107064.442016 107064.446122 107064.450022 107064.45392999999 107064.4581035 107064.46646550001 107064.472676 107064.4756885 107064.4786195 107064.4818955 107064.485131 107064.4886295
25,107065.3219385,213.814500006265,2677,2691,0.3942164876261046,0.4572570751173458,1.4573454112705633,0.9156309807742083,3d gaze,-532.600980519653,164.72565813232373,3267.9804078830807,107065.3219385 107065.32636400001 107065.332215 107065.33602 107065.339233 107065.3428065 107065.34578999999 107065.350723 107065.354758 107065.358843 107065.362761 107065.365783 107065.36986 107065.37395 107065.377779 107065.381717 107065.38567799999 107065.38961350001 107065.393648 107065.397687 107065.401717 107065.405774 107065.409732 107065.41576050001 107065.41985800001 107065.4237535 107065.427637 107065.4322695 107065.43689350001 107065.442091 107065.4473465 107065.449566 107065.4523475 107065.45630600001 107065.459642 107065.4643705 107065.46909249999 107065.47236799999 107065.4756215 107065.47969000001 107065.48373800001 107065.48778600001 107065.4918285 107065.495799 107065.49982950001 107065.503882 107065.5078735 107065.511777 107065.5156765 107065.51969300001 107065.52370650001 107065.527684 107065.5316445 107065.535753
26,107066.039676,202.33849999203812,2726,2738,0.32281580796535486,0.49697907967893284,1.4810079298571854,0.8972817863903794,3d gaze,-689.659875578561,6.553636888815524,2539.2163377172255,107066.039676 107066.04366 107066.0476185 107066.05166550001 107066.055706 107066.0597065 107066.063709 107066.0677365 107066.07176600001 107066.075765 107066.079761 107066.083762 107066.087762 107066.09272300001 107066.097685 107066.100926 107066.1041645 107066.108341 107066.11409399999 107066.117783 107066.121817 107066.125734 107066.12987500001 107066.1338215 107066.137656 107066.14178050001 107066.1458595 107066.14999 107066.153962 107066.157749 107066.16171 107066.165833 107066.169885 107066.1742425 107066.17815349999 107066.1817965 107066.187027 107066.1908675 107066.1940935 107066.1981095 107066.2016345 107066.205613 107066.209617 107066.213675 107066.21774749999 107066.222114 107066.2260745 107066.230393 107066.2343995 107066.2377805 107066.24201449999
27,107067.807944,209.89450000342913,2847,2860,0.4524784452745318,0.45091159981884427,1.4189108627002167,0.9478393942117691,3d gaze,-161.40422035029184,122.14023153268379,2210.650244171005,107067.807944 107067.8118525 107067.815753 107067.81973300001 107067.823714 107067.82770950001 107067.8317055 107067.835856 107067.8400115 107067.843868 107067.84771850001 107067.8516945 107067.85567 107067.862149 107067.8686275 107067.87250900001 107067.876437 107067.8781875 107067.8800345 107067.88398000001 107067.88778650001 107067.8918825 107067.89596699999 107067.8998335 107067.903693 107067.907852 107067.912012 107067.915981 107067.9199495 107067.92391849999 107067.927892 107067.9318185 107067.93574 107067.9400055 107067.94427549999 107067.9490655 107067.9538505 107067.9571965 107067.960441 107067.96411500001 107067.96768850001 107067.9723005 107067.976912 107067.9823515 107067.9857465 107067.989723 107067.9937805 107067.9978885 107068.00222 107068.006356 107068.0125095 107068.0178385
28,107070.8138645,203.85750000423286,3045,3060,0.5238736830290714,0.4847067403928649,1.4493907611583936,0.957350461506376,3d gaze,133.1400599877776,74.00145872996195,3905.429636882133,107070.8138645 107070.8177345 107070.8218245 107070.8258275 107070.8339175 107070.841588 107070.84563299999 107070.8494535 107070.8532895 107070.855104 107070.85777500001 107070.86169650001 107070.8662005 107070.8702025 107070.87380949999 107070.877784 107070.8816545 107070.88570099999 107070.889834 107070.89514400001 107070.8991385 107070.9019925 107070.9059495 107070.910702 107070.91464100001 107070.9181895 107070.92257 107070.926508 107070.93031200001 107070.93395100001 107070.9378095 107070.94172900001 107070.945699 107070.94975 107070.953708 107070.95764000001 107070.961682 107070.965703 107070.9696205 107070.97362850001 107070.9777315 107070.98174650001 107070.9860265 107070.990092 107070.993913 107070.99971 107071.0035095 107071.006015 107071.01077600001 107071.014405 107071.017722
29,107071.79778749999,274.0595000068424,3111,3130,0.43299738310437497,0.5375250551740128,1.4889591788430645,0.9673898060252701,3d gaze,-1087.6408784909872,-447.4235979103276,10345.865835804885,107071.79778749999 107071.801775 107071.805825 107071.80992900001 107071.81397300001 107071.818117 107071.822113 107071.825851 107071.82968 107071.833867 107071.8379995 107071.841976 107071.8459315 107071.849988 107071.8540165 107071.857806 107071.8617745 107071.86577599999 107071.869706 107071.875918 107071.8803325 107071.8841685 107071.88788200001 107071.889785 107071.89378449999 107071.8978335 107071.901794 107071.9057755 107071.9100295 107071.914038 107071.917725 107071.92183549999 107071.925829 107071.9297145 107071.933791 107071.938084 107071.941929 107071.9455995 107071.949731 107071.95381549999 107071.95985799999 107071.963915 107071.96877549999 107071.973635 107071.9773735 107071.9810795 107071.984527 107071.9879445 107071.993304 107071.998663 107072.002074 107072.005408 107072.0086155 107072.011746 107072.015872 107072.0199975 107072.0238685 107072.0277365 107072.031665 107072.035596 107072.03964450001 107072.0436935 107072.04768049999 107072.0516625 107072.0557575 107072.0598695 107072.063897 107072.06791350001 107072.071847
30,107072.097255,200.78399998601526,3133,3147,0.44637499180866114,0.5405782190981386,1.3883891180072918,0.9451621289436634,3d gaze,-532.3466816185341,-294.5310766541454,6358.315706831012,107072.097255 107072.099615 107072.101974 107072.1047775 107072.107583 107072.111626 107072.115654 107072.1196855 107072.123704 107072.1277475 107072.1317955 107072.1365165 107072.14122399999 107072.14451700001 107072.147774 107072.151752 107072.1557055 107072.15985 107072.163984 107072.1679095 107072.171797 107072.17671249999 107072.18158 107072.1849085 107072.189956 107072.193663 107072.1977655 107072.20181900001 107072.20592549999 107072.209878 107072.213769 107072.2178665 107072.22175 107072.225866 107072.22992099999 107072.2337985 107072.2380235 107072.242001 107072.2457275 107072.249832 107072.254019 107072.25787100001 107072.2616925 107072.26565750001 107072.2696115 107072.27406150001 107072.28056300001 107072.2847005 107072.28805949999 107072.29167199999 107072.2939365 107072.29803899999
31,107072.5008365,200.9210000105668,3162,3178,0.4534673691135549,0.5096250449786628,1.4399311619907649,0.9519315969710257,3d gaze,-128.5919614438644,-20.598797249701693,1776.8033542117257,107072.5008365 107072.5059175 107072.509112 107072.51260449999 107072.51637 107072.51974 107072.52378250001 107072.5277995 107072.531781 107072.5357505 107072.53974949999 107072.543745 107072.547721 107072.55169699999 107072.5557415 107072.559817 107072.563815 107072.567781 107072.5717255 107072.5756695 107072.57972549999 107072.5837685 107072.587726 107072.5916845 107072.5958215 107072.59985500001 107072.603831 107072.6077145 107072.613071 107072.61842500001 107072.62120200001 107072.624094 107072.628058 107072.6319065 107072.635889 107072.6398715 107072.64408299999 107072.64818799999 107072.654031 107072.659524 107072.662616 107072.666615 107072.6697405 107072.67371850001 107072.6784795 107072.68246350001 107072.685847 107072.6909205 107072.69480150001 107072.69777550001 107072.7017575
32,107072.70598599999,229.79600001417566,3178,3195,0.4580790681356595,0.5295749437545152,1.4089805431489983,0.9616140235086967,3d gaze,-79.52212952275221,-42.28978599058702,1233.728570591313,107072.70598599999 107072.7099785 107072.7138155 107072.720375 107072.724998 107072.7277645 107072.731061 107072.73379 107072.737873 107072.7424325 107072.7463135 107072.7498095 107072.7540305 107072.75797400001 107072.761759 107072.766649 107072.7707855 107072.7738275 107072.77768 107072.781653 107072.785657 107072.789666 107072.79381 107072.7980565 107072.80194549999 107072.8057675 107072.8103165 107072.81425950001 107072.818235 107072.822326 107072.8257485 107072.8296935 107072.8337785 107072.837778 107072.84174 107072.845737 107072.8497085 107072.85373100001 107072.85784350001 107072.861797 107072.865789 107072.869791 107072.873731 107072.8777335 107072.881899 107072.8858925 107072.8896725 107072.895704 107072.8997505 107072.903719 107072.907697 107072.911723 107072.9157175 107072.92001500001 107072.9242785 107072.927972 107072.93165350001 107072.935782
33,107072.984556,297.22200000833254,3198,3217,0.45143477903270207,0.6082383349580968,1.4106252419827525,0.9103333655993143,3d gaze,-98.75451211345381,-163.69848855756425,1314.627814182947,107072.984556 107072.98780249999 107072.9918325 107072.995822 107072.9998425 107073.003848 107073.007788 107073.01172400001 107073.015728 107073.019714 107073.023717 107073.0276955 107073.032014 107073.03632300001 107073.04024500001 107073.0441685 107073.0481715 107073.05217750001 107073.056022 107073.05983700001 107073.0637995 107073.0677345 107073.071688 107073.07563949999 107073.079669 107073.083698 107073.08792250001 107073.0921555 107073.095977 107073.0998105 107073.103742 107073.10765250001 107073.11173050001 107073.11579499999 107073.1217275 107073.1257185 107073.129816 107073.133925 107073.13781 107073.14172 107073.1465975 107073.15113 107073.1542375 107073.1578165 107073.1618015 107073.16569950001 107073.16969400001 107073.173736 107073.1777685 107073.1818695 107073.185791 107073.1897865 107073.1938405 107073.19768849999 107073.20170949999 107073.20574450001 107073.209728 107073.2136745 107073.2176425 107073.22167900001 107073.225697 107073.230127 107073.234098 107073.2376425 107073.2420505 107073.24605 107073.24972250001 107073.253769 107073.2577285 107073.2617785 107073.265735 107073.2696975 107073.27372699999 107073.27779 107073.281778
34,107073.2857595,297.89549999986775,3217,3238,0.45879790078081517,0.6043521625990346,1.0770084783507314,0.9367505311965942,3d gaze,-83.41852028072829,-159.71873229302847,1325.23811805824,107073.2857595 107073.289766 107073.2939885 107073.2982915 107073.30216650001 107073.3058685 107073.309666 107073.31372850001 107073.317709 107073.3217245 107073.3258175 107073.32974449999 107073.3340265 107073.33832 107073.341968 107073.34579250001 107073.3499515 107073.357451 107073.362909 107073.366758 107073.3697945 107073.37326349999 107073.375929 107073.37981700001 107073.3837035 107073.38969800001 107073.395724 107073.3981325 107073.400075 107073.4040975 107073.407686 107073.411644 107073.415611 107073.41961 107073.42360099999 107073.4277035 107073.43188250001 107073.4370245 107073.442087 107073.4448725 107073.447652 107073.4517265 107073.455791 107073.459844 107073.4638905 107073.4680425 107073.472182 107073.475957 107073.4797195 107073.485354 107073.49098900001 107073.4934645 107073.49594349999 107073.4999395 107073.5039315 107073.50783 107073.511701 107073.516171 107073.5206165 107073.524378 107073.5281305 107073.5319825 107073.535802 107073.5397355 107073.5436435 107073.5478405 107073.5521505 107073.555975 107073.5596855 107073.56373250001 107073.567771 107073.5718175 107073.57584 107073.57975549999 107073.583655
35,107073.589909,265.79400000628084,3238,3257,0.4555515706232871,0.5974594749852917,1.4388198942593093,0.9521111783696644,3d gaze,-78.01212764640448,-128.39175124166064,1135.219851005183,107073.589909 107073.5938985 107073.59794499999 107073.601768 107073.605773 107073.609811 107073.613844 107073.617779 107073.621864 107073.6258295 107073.6297015 107073.633787 107073.637931 107073.6418705 107073.64590450001 107073.650225 107073.654056 107073.657683 107073.661657 107073.6656625 107073.669707 107073.67373750001 107073.678274 107073.6824055 107073.6859525 107073.689866 107073.6938165 107073.6977785 107073.70172 107073.705724 107073.710403 107073.71452 107073.717918 107073.722324 107073.72649649999 107073.73000750001 107073.7338075 107073.737808 107073.742968 107073.74687900001 107073.74967800001 107073.7536955 107073.7578205 107073.7618315 107073.76574999999 107073.770124 107073.77404250001 107073.7776915 107073.781775 107073.78626 107073.790176 107073.79379150001 107073.797827 107073.80187950001 107073.80585050001 107073.8106585 107073.81465449999 107073.81765 107073.821711 107073.8258195 107073.8322225 107073.836598 107073.84010850001 107073.8436085 107073.84762750001 107073.851636 107073.85570300001
36,107073.8597685,298.42800000915304,3257,3279,0.45221589251055133,0.5806445291219244,1.0880983852697697,0.9462585910161336,3d gaze,-57.8293941260874,-73.03996731844825,783.6883650718552,107073.8597685 107073.8638835 107073.86799900001 107073.871824 107073.87564700001 107073.8797185 107073.883789 107073.8877525 107073.891716 107073.895662 107073.89960050001 107073.9038715 107073.9081495 107073.9125455 107073.91692650001 107073.920441 107073.923957 107073.927792 107073.93162799999 107073.935704 107073.9397765 107073.943848 107073.947919 107073.95316199999 107073.95839449999 107073.9616515 107073.96507050001 107073.96864400001 107073.9720445 107073.975951 107073.9798615 107073.983807 107073.987747 107073.991755 107073.995765 107073.9998425 107074.0039195 107074.007893 107074.0118075 107074.0159915 107074.02011849999 107074.024295 107074.0284705 107074.03210849999 107074.035753 107074.039842 107074.0439845 107074.0478885 107074.0517055 107074.0557535 107074.06170650001 107074.0658165 107074.06988 107074.073887 107074.0779075 107074.08231900001 107074.0862415 107074.089788 107074.0938475 107074.0978 107074.101841 107074.106068 107074.1100295 107074.113785 107074.11784650001 107074.12181750001 107074.126188 107074.130212 107074.133793 107074.138006 107074.1419535 107074.1458075 107074.149809 107074.1537485 107074.15819650001
37,107074.2223725,297.5410000071861,3284,3307,0.44304515008022455,0.5745970137635278,1.4519089285407802,0.9582785566647848,3d gaze,-73.41132441423659,-71.77680832040181,836.2288423863703,107074.2223725 107074.2267055 107074.230071 107074.233693 107074.237844 107074.241886 107074.2456605 107074.2496215 107074.2536285 107074.2577215 107074.26196100001 107074.26591350001 107074.2702865 107074.275321 107074.279053 107074.2820075 107074.285674 107074.28967299999 107074.2940055 107074.30012 107074.303914 107074.3078235 107074.31173399999 107074.315914 107074.320093 107074.32402500001 107074.3279575 107074.3321805 107074.3364035 107074.34010900001 107074.34381 107074.347759 107074.351704 107074.3557585 107074.3597975 107074.363713 107074.3676055 107074.371659 107074.3757055 107074.3797555 107074.3838045 107074.387841 107074.391875 107074.39575200001 107074.3996215 107074.403673 107074.407718 107074.411696 107074.415673 107074.41973349999 107074.42376599999 107074.430114 107074.4364335 107074.44163700001 107074.44684 107074.44925450001 107074.45167000001 107074.453977 107074.45616150001 107074.4600955 107074.463908 107074.4679285 107074.4719495 107074.47610150001 107074.4802555 107074.48396449999 107074.48767 107074.49171999999 107074.4957695 107074.49969249999 107074.503615 107074.50766549999 107074.511716 107074.5158235 107074.5199135
38,107074.5237835,296.30750000069384,3307,3328,0.443467879576995,0.5694027272350867,1.0413444398242238,0.9588387918633383,3d gaze,-55.63407314767774,-51.22799499063341,638.9883568592101,107074.5237835 107074.5297575 107074.5337965 107074.53785 107074.544897 107074.5498235 107074.5526545 107074.5555935 107074.55767750001 107074.5616905 107074.5657785 107074.57009699999 107074.57406099999 107074.577705 107074.582612 107074.586594 107074.58964749999 107074.59391150001 107074.597874 107074.6018 107074.6058375 107074.60966700001 107074.6136605 107074.6177055 107074.62173849999 107074.62571600001 107074.629773 107074.6337685 107074.6381825 107074.644769 107074.648917 107074.651715 107074.6550465 107074.6577375 107074.66274649999 107074.66719949999 107074.670227 107074.6738605 107074.67793199999 107074.6818095 107074.685862 107074.68980200001 107074.6937055 107074.69769649999 107074.70182449999 107074.705854 107074.70975499999 107074.71376849999 107074.717683 107074.72161050001 107074.7256185 107074.729728 107074.7337305 107074.7379105 107074.74196099999 107074.745675 107074.74967399999 107074.75371749999 107074.75771149999 107074.7619015 107074.7679845 107074.771889 107074.7758295 107074.779753 107074.78374700001 107074.78774150001 107074.7917945 107074.7958585 107074.800127 107074.804389 107074.80807 107074.81175200001 107074.815926 107074.820091
39,107074.823955,297.8934999991907,3328,3349,0.4374633513936695,0.5748262719405656,0.8473930678852049,0.9531930756568908,3d gaze,-62.0056915548665,-55.64092254683254,643.9997979548199,107074.823955 107074.827818 107074.8326305 107074.8367785 107074.84069849999 107074.843958 107074.84787299999 107074.851778 107074.855721 107074.859651 107074.863671 107074.867669 107074.8731975 107074.87870649999 107074.881907 107074.885106 107074.8883805 107074.891659 107074.8957085 107074.899762 107074.9037085 107074.907651 107074.911748 107074.9158405 107074.92019050001 107074.92454 107074.928134 107074.931728 107074.935676 107074.93962250001 107074.9436965 107074.947796 107074.951834 107074.955885 107074.9598695 107074.96382450001 107074.96781100001 107074.9717865 107074.9757355 107074.9796845 107074.983685 107074.9876845 107074.99184450001 107074.99784950001 107075.00171000001 107075.00593 107075.00998199999 107075.013742 107075.01766499999 107075.02173050001 107075.025821 107075.029851 107075.033767 107075.037687 107075.041806 107075.04621 107075.05017100001 107075.054023 107075.058001 107075.0619265 107075.0658745 107075.0718585 107075.07604849999 107075.0794035 107075.0832355 107075.0858115 107075.0898605 107075.093771 107075.09771500001 107075.10175999999 107075.105713 107075.1096965 107075.1137585 107075.117728 107075.1218485
40,107075.125862,297.8934999991907,3349,3369,0.441718276980235,0.5729443712267864,1.0091025927269783,0.958297845919927,3d gaze,-56.13124312759645,-52.59005579082963,625.6095200199187,107075.125862 107075.12985299999 107075.1339095 107075.13801699999 107075.142093 107075.14607399999 107075.149953 107075.15377050001 107075.1578325 107075.1618915 107075.165796 107075.1697025 107075.17376800001 107075.179858 107075.1850295 107075.18688 107075.1896295 107075.19418600001 107075.19848 107075.2029245 107075.20670149999 107075.20990449999 107075.213839 107075.21776500001 107075.22221850001 107075.226143 107075.22973349999 107075.2357225 107075.2396945 107075.2436725 107075.247665 107075.2516625 107075.2556355 107075.25970699999 107075.26376999999 107075.26770550001 107075.271668 107075.275688 107075.27968 107075.28370550001 107075.287732 107075.2916985 107075.2956635 107075.29969849999 107075.3037325 107075.307676 107075.31162 107075.31564849999 107075.319676 107075.32371 107075.3277385 107075.3317715 107075.335785 107075.33976500001 107075.3437065 107075.34804099999 107075.3523505 107075.35614399999 107075.3599375 107075.364093 107075.3682495 107075.372436 107075.3766215 107075.380194 107075.383756 107075.38782850001 107075.3918895 107075.395852 107075.399821 107075.4037945 107075.4077605 107075.41172549999 107075.41569 107075.419707 107075.4237555
41,107075.427807,295.7905000075698,3369,3389,0.44276314756709584,0.5831224472384979,0.8422486383941095,0.9791835308880419,3d gaze,-46.32390371755937,-50.3861815205981,525.7584613572851,107075.427807 107075.4318275 107075.4358205 107075.439817 107075.44375800001 107075.44769649999 107075.4537515 107075.457777 107075.46186350001 107075.4683235 107075.4728235 107075.4753655 107075.4788155 107075.48174049999 107075.48569100001 107075.48989150001 107075.4938825 107075.4977215 107075.5018955 107075.50589 107075.50980550001 107075.513843 107075.517716 107075.5216485 107075.52566700001 107075.529937 107075.5339825 107075.53812350001 107075.54214 107075.545801 107075.549816 107075.553869 107075.558024 107075.5619065 107075.565706 107075.569675 107075.57430400001 107075.57999900001 107075.58330500001 107075.5871445 107075.591335 107075.5938245 107075.597901 107075.60205750001 107075.6066545 107075.6108765 107075.614025 107075.6177385 107075.6217665 107075.6257535 107075.6297845 107075.63384 107075.637893 107075.64184299999 107075.6457615 107075.64971299999 107075.65373250001 107075.6578435 107075.661906 107075.66589 107075.66978150001 107075.673663 107075.67781200001 107075.681989 107075.685874 107075.690083 107075.694047 107075.69779199999 107075.70396099999 107075.707939 107075.71181149999 107075.715657 107075.719629 107075.72359750001
42,107075.72787,298.5460000054445,3389,3409,0.4386085220875526,0.5844245829136091,0.8351842812698947,0.9637225834099022,3d gaze,-46.34210162381091,-47.77123300437392,490.2010786089777,107075.72787 107075.7321265 107075.73605050001 107075.73995049999 107075.74394449999 107075.747929 107075.752061 107075.756031 107075.76003450001 107075.763877 107075.7677575 107075.771656 107075.775673 107075.779668 107075.78375850001 107075.787832 107075.7918115 107075.79577900001 107075.7997835 107075.80379800001 107075.80782 107075.811902 107075.81593350001 107075.8198075 107075.8237975 107075.827703 107075.831689 107075.83567249999 107075.839657 107075.8436485 107075.84777699999 107075.8518995 107075.8558515 107075.859802 107075.8640345 107075.86826799999 107075.87199049999 107075.8757065 107075.8796765 107075.8836415 107075.88767 107075.89169700001 107075.8956825 107075.8996675 107075.9036885 107075.9077245 107075.9125115 107075.9172815 107075.9206095 107075.9258815 107075.9298565 107075.9338645 107075.937829 107075.94176650001 107075.94988 107075.956075 107075.959836 107075.9636165 107075.965702 107075.9677355 107075.9697425 107075.9737465 107075.977741 107075.98172449999 107075.985718 107075.98967350001 107075.99362 107076.0010245 107076.0064865 107076.009693 107076.012763 107076.0178945 107076.022922 107076.02641600001
43,107076.0297955,297.9994999914197,3410,3433,0.44771834456395415,0.5843302476427665,0.7210838214523839,0.9609019697496766,3d gaze,-33.851983516344774,-40.962376676155124,420.5154224091294,107076.0297955 107076.03297 107076.03471400001 107076.037857 107076.04167949999 107076.045674 107076.049698 107076.0537825 107076.05783450001 107076.061766 107076.06581150001 107076.0698445 107076.0737815 107076.077992 107076.08195299999 107076.08598949999 107076.0899625 107076.094152 107076.098188 107076.101715 107076.10583700001 107076.109929 107076.1137835 107076.1176705 107076.12441799999 107076.129256 107076.13235999999 107076.13558599999 107076.138284 107076.14233 107076.14577 107076.14978050001 107076.15381250001 107076.157714 107076.16367000001 107076.16765049999 107076.17174650001 107076.17579750001 107076.17994550001 107076.1840555 107076.18789850001 107076.191736 107076.19574649999 107076.199738 107076.203713 107076.2076555 107076.21164950001 107076.215634 107076.21981899999 107076.22398899999 107076.22800850001 107076.232016 107076.2361655 107076.2403145 107076.24405549999 107076.2477775 107076.25279299999 107076.2577805 107076.260755 107076.2637215 107076.2677405 107076.271759 107076.275729 107076.279698 107076.2836735 107076.28764950001 107076.291627 107076.2956045 107076.2996835 107076.303768 107076.3077145 107076.311652 107076.31569399999 107076.31973250001 107076.323771 107076.32779499999
44,107076.3317475,293.9800000167452,3433,3455,0.4452354279621785,0.5937594196589953,1.2555417970466265,0.9453667929849109,3d gaze,-37.87487653921759,-48.59729798152127,448.41117893752084,107076.3317475 107076.33568650001 107076.33983499999 107076.343974 107076.34784450001 107076.3517055 107076.355801 107076.3598965 107076.3637905 107076.36767549999 107076.3716455 107076.37560649999 107076.3796025 107076.38359750001 107076.38986 107076.3939305 107076.3979215 107076.4017785 107076.40577350001 107076.409693 107076.413682 107076.417716 107076.42174650001 107076.425808 107076.42979 107076.4337465 107076.4377555 107076.441695 107076.44568 107076.45016400001 107076.45425899999 107076.4578305 107076.4618315 107076.465972 107076.473268 107076.478599 107076.480358 107076.4828775 107076.48657400001 107076.490708 107076.493854 107076.49797150001 107076.5021525 107076.505982 107076.509907 107076.51392699999 107076.5179075 107076.52223450001 107076.5261915 107076.5297535 107076.5337785 107076.537827 107076.5417295 107076.54564600001 107076.54968600001 107076.5538375 107076.5577965 107076.5617705 107076.5658855 107076.5698465 107076.5739855 107076.578044 107076.5818545 107076.585727 107076.5897615 107076.594086 107076.598036 107076.60175 107076.605992 107076.6106845 107076.614477 107076.617896 107076.621814 107076.62572750001
45,107076.63178699999,297.978000016883,3455,3477,0.44448942903252486,0.5945684129722192,0.7488889285346833,0.936555616458257,3d gaze,-38.121164690397045,-48.700818520531634,445.9688295156299,107076.63178699999 107076.635751 107076.6397325 107076.643714 107076.647782 107076.65185 107076.6558575 107076.6598655 107076.6637705 107076.667677 107076.67272249999 107076.67776699999 107076.6810985 107076.68418000001 107076.68814 107076.691835 107076.69578899999 107076.699727 107076.7037155 107076.707704 107076.711708 107076.715754 107076.7215365 107076.7272705 107076.73092100001 107076.73464400001 107076.7376355 107076.740544 107076.744143 107076.747738 107076.751701 107076.7556635 107076.7596285 107076.763589 107076.7675855 107076.7715805 107076.77568749999 107076.7797935 107076.784606 107076.7894165 107076.7925705 107076.795724 107076.7997545 107076.8037855 107076.80780000001 107076.81181300001 107076.815803 107076.81981449999 107076.823774 107076.82771000001 107076.83171150001 107076.83592099999 107076.839964 107076.8438005 107076.8477215 107076.85164 107076.8576515 107076.8617235 107076.865672 107076.8698295 107076.873965 107076.8779565 107076.88196649999 107076.8859635 107076.89023799999 107076.8940835 107076.897689 107076.9017995 107076.9057705 107076.90982649999 107076.91403300001 107076.9179235 107076.92192749999 107076.92596349999 107076.92976500001
46,107076.9338465,297.91900000418536,3478,3499,0.451308899507344,0.5852084834480462,1.214251882244321,0.9379854174455007,3d gaze,-33.32215839854584,-43.75326512714737,444.7843724689748,107076.9338465 107076.9380875 107076.941986 107076.9458965 107076.9498435 107076.95393650001 107076.9588035 107076.96262450001 107076.965771 107076.96967399999 107076.97365 107076.977692 107076.9816625 107076.985647 107076.9897525 107076.9938465 107076.9982715 107077.0024505 107077.0059555 107077.0097145 107077.0137175 107077.0177145 107077.0216865 107077.02572450001 107077.0303585 107077.034289 107077.037686 107077.04198000001 107077.04598 107077.0497845 107077.05401600001 107077.0579295 107077.06189750001 107077.0659505 107077.069815 107077.073756 107077.0777085 107077.081729 107077.0867475 107077.09072949999 107077.09515050001 107077.10119350001 107077.1037375 107077.1079885 107077.11219300001 107077.11591950001 107077.119657 107077.123741 107077.127797 107077.131869 107077.13597500001 107077.13995000001 107077.1438695 107077.1477895 107077.151703 107077.15574049999 107077.15976750001 107077.16369449999 107077.16759699999 107077.171715 107077.17586399999 107077.179789 107077.183707 107077.1877105 107077.19167649999 107077.195677 107077.199677 107077.2037565 107077.20783649999 107077.21176149999 107077.215686 107077.22045200001 107077.225218 107077.22850600001 107077.23176550001
47,107077.236909,296.93650000263005,3499,3521,0.4419670007844288,0.5865665567974461,0.9266448329163026,0.9352613015969594,3d gaze,-39.94583726845549,-44.671555941575804,446.8745075585759,107077.236909 107077.241984 107077.2450565 107077.2481555 107077.252106 107077.2560015 107077.259869 107077.2637295 107077.2678745 107077.272015 107077.276404 107077.280788 107077.28431399999 107077.28775049999 107077.2917715 107077.295708 107077.2997985 107077.30389899999 107077.307898 107077.31187800001 107077.315812 107077.3197335 107077.325763 107077.329778 107077.333846 107077.3378925 107077.3418445 107077.345728 107077.349631 107077.353638 107077.35768049999 107077.361962 107077.366522 107077.3702405 107077.3739185 107077.378469 107077.382234 107077.38619700001 107077.390273 107077.39395299999 107077.397914 107077.4018045 107077.405836 107077.4099985 107077.4138905 107077.417892 107077.4221655 107077.42608450001 107077.4300105 107077.433825 107077.437695 107077.441785 107077.445702 107077.449633 107077.45379249999 107077.458069 107077.461937 107077.4657325 107077.4698185 107077.47378100001 107077.4779215 107077.4819465 107077.485708 107077.489667 107077.49370600001 107077.4977185 107077.502098 107077.5060905 107077.5100135 107077.51397500001 107077.51774750001 107077.521802 107077.525832 107077.52990600001 107077.5338455
48,107077.53794750001,299.86400000052527,3521,3541,0.43888107169580015,0.5887639011447782,0.8792888522435497,0.9357752052942911,3d gaze,-42.69992831677936,-46.44870943887242,453.6136121904627,107077.53794750001 107077.541855 107077.545618 107077.549755 107077.5537825 107077.557721 107077.562281 107077.568249 107077.571696 107077.57567600001 107077.579652 107077.583691 107077.58772750001 107077.59205 107077.5963715 107077.60005899999 107077.60375149999 107077.607983 107077.61220999999 107077.61603050001 107077.619842 107077.623734 107077.6276145 107077.6320475 107077.63648300001 107077.6400905 107077.643675 107077.647741 107077.6517895 107077.656027 107077.6603695 107077.66428900001 107077.66810400001 107077.6720145 107077.675924 107077.6798345 107077.683745 107077.688278 107077.6928125 107077.696406 107077.69999749999 107077.703914 107077.7077595 107077.71179500001 107077.715763 107077.7197785 107077.7238 107077.7283405 107077.732873 107077.736478 107077.740089 107077.744144 107077.7481925 107077.752624 107077.7570865 107077.760401 107077.763684 107077.767651 107077.7716175 107077.77578150001 107077.779917 107077.78404900001 107077.788146 107077.7919375 107077.7977405 107077.8017605 107077.805729 107077.8098405 107077.813888 107077.8179435 107077.82186699999 107077.825778 107077.82980949999 107077.833826 107077.83781150001
49,107077.841748,298.4244999970542,3541,3564,0.4402223622113803,0.5910947861021931,0.9011202758518491,0.9294836835066478,3d gaze,-42.059780099930215,-48.1093883812066,457.46197503062035,107077.841748 107077.8457695 107077.849755 107077.8537755 107077.85777 107077.861818 107077.8657745 107077.8697045 107077.87376700001 107077.87776500001 107077.881911 107077.885941 107077.889807 107077.893732 107077.89765249999 107077.9017355 107077.90574399999 107077.9099765 107077.91411750001 107077.917842 107077.9217235 107077.9257595 107077.9297555 107077.9337245 107077.93774250001 107077.9417085 107077.945658 107077.949956 107077.9539665 107077.9579275 107077.96202 107077.966011 107077.96990299999 107077.9736725 107077.97784899999 107077.981892 107077.9856745 107077.98959350001 107077.9935975 107077.9981565 107078.002273 107078.006459 107078.0104285 107078.01371 107078.017738 107078.02177600001 107078.025771 107078.0302945 107078.036436 107078.0400905 107078.044013 107078.04782149999 107078.0518335 107078.0557515 107078.0597255 107078.06367850001 107078.06771850001 107078.071755 107078.07579999999 107078.0798445 107078.0837965 107078.0877205 107078.0918 107078.095852 107078.099745 107078.1036285 107078.1077015 107078.1117635 107078.115718 107078.11966150001 107078.1236745 107078.12768 107078.1318575 107078.1360325 107078.1401725
50,107078.2651275,295.4625000129454,3572,3592,0.43773925650400924,0.5905171593652434,0.9350896846425023,0.9314521680537023,3d gaze,-44.59530173983788,-48.51473824321182,464.35835814304284,107078.2651275 107078.26791 107078.2708775 107078.27306850001 107078.27537300001 107078.27963850001 107078.283632 107078.2864345 107078.29134699999 107078.2946535 107078.2977355 107078.301702 107078.305952 107078.3100155 107078.313823 107078.31770000001 107078.3218705 107078.3259825 107078.32982700001 107078.333803 107078.33797200001 107078.341893 107078.346416 107078.3505655 107078.3541955 107078.3581225 107078.3618065 107078.36574400001 107078.36978800001 107078.37426499999 107078.37812549999 107078.381634 107078.3856865 107078.3898035 107078.393802 107078.397868 107078.401886 107078.40676449999 107078.410813 107078.4139485 107078.4195555 107078.423404 107078.4257535 107078.4302715 107078.43484 107078.4383745 107078.441915 107078.445903 107078.4501805 107078.4541895 107078.457914 107078.4618845 107078.465707 107078.4696565 107078.47374 107078.47920100001 107078.48366550001 107078.486603 107078.49018950001 107078.4938885 107078.4980105 107078.5039645 107078.507787 107078.511787 107078.51578650001 107078.519726 107078.523654 107078.5277675 107078.5318865 107078.535985 107078.539878 107078.54387 107078.5476735 107078.55166150001 107078.555621 107078.56059000001
