gaze_timestamp,world_index,confidence,norm_pos_x,norm_pos_y,base_data,gaze_point_3d_x,gaze_point_3d_y,gaze_point_3d_z,eye_center0_3d_x,eye_center0_3d_y,eye_center0_3d_z,gaze_normal0_x,gaze_normal0_y,gaze_normal0_z,eye_center1_3d_x,eye_center1_3d_y,eye_center1_3d_z,gaze_normal1_x,gaze_normal1_y,gaze_normal1_z
5041.882066,4,0.7053383397395452,0.5067573364408374,1.6153803909860733,5041.882066-1,3.360168895002431,-311.98311973867953,388.486198993392,,,,,,,-35.01444517891605,-7.717705182192573,-5.355164831637431,0.0633085525678272,0.6394016498417442,-0.7662620683235091
5041.995884999999,11,0.7271911421416329,0.5153764489679942,1.6940553718219387,5041.995884999999-1,7.4351284129283215,-324.77262533557985,377.76563917265776,,,,,,,-35.01444517891605,-7.717705182192573,-5.355164831637431,0.0551586335319754,0.6649806610355449,-0.7448209486820406
5042.001010999999,11,0.7956372627970535,0.5682371836639583,-1.5941059492540366,5042.001010999999-1,23.51890658981948,405.99175193661773,269.26881777217056,,,,,,,-35.01444517891605,-7.717705182192573,-5.355164831637431,0.11706670353747105,0.8274189142376207,0.5492479652076161
5042.15348,19,0.7365234048038094,2.741688287746873,-0.8218938232703803,5042.15348-1,482.54424747487803,160.05933934662352,168.1713266739061,,,,,,,-35.01444517891605,-7.717705182192573,-5.355164831637431,-0.8950596045919239,-0.30468326832886183,-0.3256323236845374
5042.1974455,23,0.8133947800353714,0.046722687556033635,-0.4966134518525096,5042.190605-0 5042.204285999999-1,-89.90832772136577,111.19498723888033,154.96226946280285,43.96827179901926,-7.263105025322535,-10.530741344846252,-0.53478333533078,0.3487130670670292,0.7696791416617654,-35.01444517891605,-7.717705182192573,-5.355164831637431,-0.26882916085743097,0.697496043321622,0.664251572691681
5042.204285999999,24,0.844608698289661,0.09492556080287332,-0.9494975562263881,5042.204285999999-1,-169.4290256076315,341.0303164786184,326.77062151420307,,,,,,,-35.01444517891605,-7.717705182192573,-5.355164831637431,-0.26882916085743097,0.697496043321622,0.664251572691681
5042.219679999999,24,0.8008059427265063,0.34678908164639644,-0.403846341486336,5042.219679999999-1,-80.41343734846834,266.8431399231604,410.04256487451215,,,,,,,-35.01444517891605,-7.717705182192573,-5.355164831637431,-0.09079798433910462,0.549121690210706,0.8307954594122992
5042.22496,25,0.9787050566259633,1.2970065032733913,4.046062216762921,5042.22496-1,176.45629407067867,-441.6153563911562,172.96782294313275,,,,,,,-35.01444517891605,-7.717705182192573,-5.355164831637431,-0.28288369778352523,0.8986661231466974,-0.33522531622299073
5042.289158,28,0.99,0.49784923470661624,-1.8434112470339232,5042.289158-1,-0.6870048677961336,421.0540327847841,249.54956945641914,,,,,,,-35.01444517891605,-7.717705182192573,-5.355164831637431,0.06865488062223982,0.8575434759339534,0.5098094685761131
5042.321237,30,0.724271206769086,0.5114753631630957,1.6058837628929283,5042.321237-1,5.72743814024912,-310.4745290534676,389.9276200216001,,,,,,,-35.01444517891605,-7.717705182192573,-5.355164831637431,0.058574014077333834,0.6363844684713204,-0.7691449103799253
5042.6010639999995,49,0.8252970689053083,0.21209734031982164,-0.10185409364448983,5042.6010639999995-0,-151.38274253842224,178.0100153133821,410.79081290712,43.96827179901926,-7.263105025322535,-10.530741344846252,-0.3907020286748831,0.37054624067740943,0.8426431085039326,,,,,,
5042.632925999999,50,0.7622651917951508,0.22248863305427463,-0.09788452368484779,5042.632925999999-0,-146.71058508408512,177.79539610198796,413.01963900944617,43.96827179901926,-7.263105025322535,-10.530741344846252,-0.38135771376620875,0.3701170022546211,0.8471007607085849,,,,,,
5042.664019999999,53,0.7447949215346777,2.689306211012981,-0.4540236475459285,5042.664019999999-1,491.5220383018032,120.4808859434383,175.39875897287484,,,,,,,-35.024661163759475,-7.754713492329817,-5.390068869663711,-0.9129947542760873,-0.2254523449022169,-0.3400173802064223
5043.170671,88,0.9883203082476738,0.8200334842476004,-2.4403695095943942,5043.170671-1,83.36216700342831,430.82213963129834,203.4996216865919,,,,,,,-35.024661163759475,-7.754713492329817,-5.390068869663711,0.2367736563343756,0.8771537062472563,0.4177793811125112
5043.217447,91,0.7051147730989751,0.4403590397322903,-1.3535435972107814,5043.217447-1,-22.449452717784922,392.45192443290773,294.0702976116423,,,,,,,-35.024661163759475,-7.754713492329817,-5.390068869663711,0.025150416891949152,0.8004132758504751,0.598920732962612
5043.244766,94,0.7310481186047337,0.5273244206419422,-1.2462029131645784,5043.244766-1,10.635132038559988,382.30427901565315,304.0758672984042,,,,,,,-35.024661163759475,-7.754713492329817,-5.390068869663711,0.09131958640463896,0.780117985015966,0.6189318723361358
5043.265119,95,0.7531112585103664,0.7375593777232217,-3.1648744156969855,5043.265119-1,52.06755168856506,451.831600772339,171.23203110964914,,,,,,,-35.024661163759475,-7.754713492329817,-5.390068869663711,0.174184425704649,0.9191726285293377,0.3532441999586259
5043.317199,98,0.8274954793137624,0.9632764381538795,-1.3855452124037382,5043.317199-1,158.77738844227932,363.5029325410573,267.75554400055375,,,,,,,-35.024661163759475,-7.754713492329817,-5.390068869663711,0.38760409921207767,0.7425152920667742,0.5462912257404349
5043.421139,106,0.7590693561390618,2.1702225183952666,-0.010497892942097131,5043.421139-1,478.55929772779484,82.27689701615006,223.84709057153327,,,,,,,-35.024661163759475,-7.754713492329817,-5.390068869663711,-0.8870692731280706,-0.14904436704764054,-0.43691404340373907
5043.824892,135,0.7741551801835609,0.8806874636314689,-3.3815981553496224,5043.824892-1,78.4472815442827,449.9273800396471,160.990167949951,,,,,,,-35.1109358706703,-7.7401760646388595,-5.277505838637481,0.22711643482990598,0.915335112208572,0.33253534757717707
5043.908914,142,0.7883482206848986,0.20525690333154314,-0.11383392647326085,5043.908914-0,-154.08446785062233,180.5047503243846,408.4183543871326,43.96827179901926,-7.263105025322535,-10.530741344846252,-0.39610547929928325,0.3755357106994143,0.8378981914639577,,,,,,
5043.917101999999,142,0.819413946164852,0.06698843963077908,-0.006653940001049463,5043.917101999999-0,-215.95073615059073,142.13111034087757,389.6235760398448,43.96827179901926,-7.263105025322535,-10.530741344846252,-0.51983801589922,0.2987884307324003,0.8003086347693821,,,,,,
5043.94661,145,0.957533054552871,0.23203103276504597,2.3418810121155387,5043.94661-1,-98.84397941291482,-382.164037614716,288.17463347773435,,,,,,,-35.1109358706703,-7.7401760646388595,-5.277505838637481,0.2679098305671703,0.7798084273587097,-0.5657942552781937
5043.975006,147,0.9272669863495066,10.631429071628435,63.06075197169859,5043.975006-1,138.59744494121918,-481.40323319762126,10.687461077286997,,,,,,,-35.1109358706703,-7.7401760646388595,-5.277505838637481,-0.20697301814109778,0.9782868185245204,-0.010819910477298944
5043.980208,148,0.986156731320839,0.35987283200465936,-2.112857581534639,5043.980208-1,-41.306350558104214,433.2441894064618,230.2950015702309,,,,,,,-35.1109358706703,-7.7401760646388595,-5.277505838637481,-0.012390829374867855,0.8819687309422014,0.4711450148177369
5043.9849349999995,148,0.8651103973388672,0.4027113322933774,-2.189287830106447,5043.9849349999995-1,-28.037110104787118,435.94410001826,225.14433372052378,,,,,,,-35.1109358706703,-7.7401760646388595,-5.277505838637481,0.014147651531766375,0.8873685521657977,0.4608436791183225
5044.185014,163,0.7485778928632129,3.798189527478705,0.8961608314691696,5044.185014-1,519.1702859544722,-35.0774715567087,122.97710077685934,,,,,,,-35.1109358706703,-7.7401760646388595,-5.277505838637481,-0.9681187001676037,0.08563529524269514,-0.2353991898764438
5044.230863,166,0.7507137163125546,0.31829838982119407,-1.293503411201245,5044.230863-1,-69.69868161558665,386.9817829341685,299.6786597465639,,,,,,,-35.1109358706703,-7.7401760646388595,-5.277505838637481,-0.06917549148983271,0.7894439179976147,0.6099123311704029
5044.266564,168,0.7184073846334865,-2.858848308711413,-20.4201850930766,5044.266564-1,-137.10257351641462,480.33392996184534,31.889319110332963,,,,,,,-35.1109358706703,-7.7401760646388595,-5.277505838637481,-0.20398327529148855,0.9761482120529684,0.07433364989794096
5044.2958615,170,0.8000695274918157,0.205157169390223,-0.6393173600866924,5044.297481-0 5044.294242-1,-31.02111399526777,67.42703448954569,82.19716673687131,43.96827179901926,-7.263105025322535,-10.530741344846252,-0.49715041458479764,0.29227592810977043,0.8169554743838469,-35.1109358706703,-7.7401760646388595,-5.277505838637481,0.020345882877855267,0.840710549503905,0.5411024089788944
5044.299241499999,170,0.7992059743824395,0.24921869150473092,-0.8774222384247967,5044.297481-0 5044.301001999999-1,-18.885161955110615,58.34654800524785,58.83226651123601,43.96827179901926,-7.263105025322535,-10.530741344846252,-0.49715041458479764,0.29227592810977043,0.8169554743838469,-35.1109358706703,-7.7401760646388595,-5.277505838637481,0.14460650124957256,0.9076829956598378,0.39395499639722803
5044.301001999999,170,0.8057608604431152,0.6515727546148806,-2.7320563057456018,5044.301001999999-1,37.192314754115955,446.10132176528,191.69999235997656,,,,,,,-35.1109358706703,-7.7401760646388595,-5.277505838637481,0.14460650124957256,0.9076829956598378,0.39395499639722803
5044.572991,190,0.8136971917648137,0.757198420836063,-2.993290698210809,5044.572991-1,58.624505093798675,447.8866790353506,178.07416723496635,,,,,,,-35.1109358706703,-7.7401760646388595,-5.277505838637481,0.1874708819289379,0.9112537101999789,0.3667033461472077
5044.597199,191,0.7153338118903898,0.5630697655709461,11.738316865372303,5044.597199-1,4.871711922110592,-488.2971419196837,60.34626741821967,,,,,,,-35.1109358706703,-7.7401760646388595,-5.277505838637481,0.060478447897119536,0.9920746359686452,-0.11013752315916431
5044.6490779999995,195,0.7569595917198532,0.1717158305612211,-0.020571724059258667,5044.6490779999995-0,-172.4630347557459,153.83288498097562,410.42718000464924,43.96827179901926,-7.263105025322535,-10.530741344846252,-0.4328626131095304,0.3221919800125964,0.8419158426989909,,,,,,
5044.68091,197,0.703306153121685,0.29450731435732624,9.095576968023359,5044.68091-1,-20.555340531778967,-483.6440710256712,78.14808463974593,,,,,,,-34.998450483106055,-7.940562462923419,-5.633779694042147,0.11110758202977009,0.9831692669771893,-0.14502860989140762
5044.7509924999995,202,0.8729693535213101,0.22680099395046804,-1.5194469546040157,5044.752998-0 5044.748987-1,-27.860412367714027,115.84129448162317,79.67066746330087,43.96827179901926,-7.263105025322535,-10.530741344846252,-0.32105464650235016,0.2845451465921603,0.9033039208982198,-34.998450483106055,-7.940562462923419,-5.633779694042147,0.007930110991328938,0.9999348466479596,0.0082107124408707
5044.752998,202,0.8637999364342361,0.29356749346153477,0.07491695648462582,5044.752998-0,-116.55905145215584,135.00946827075754,441.1212191042636,43.96827179901926,-7.263105025322535,-10.530741344846252,-0.32105464650235016,0.2845451465921603,0.9033039208982198,,,,,,
5044.9739629999995,218,0.7119510681461938,3.4305526262162958,71.13975912375396,5044.9739629999995-1,36.289373735038055,-492.04144484905794,9.674309540416601,,,,,,,-34.998450483106055,-7.940562462923419,-5.633779694042147,-0.00258184650386396,0.9999640146239627,-0.008081059692748804
5044.9932659999995,219,0.99,0.24646252702071475,-2.33846382785727,5044.9932659999995-1,-69.77394296655937,439.39691098533046,215.00132624213035,,,,,,,-34.998450483106055,-7.940562462923419,-5.633779694042147,-0.06955098496690662,0.8946749468965077,0.441270211872345
5045.016949999999,220,0.99,0.08260499543111158,-3.814899498654266,5045.016949999999-1,-79.99614594434573,465.1735670438911,149.73104214213365,,,,,,,-34.998450483106055,-7.940562462923419,-5.633779694042147,-0.08999539092247932,0.9462282590136291,0.3107296436723515
5045.041111,221,0.8317205371850234,1.6263048269281497,-7.62642041909241,5045.041111-1,113.79919267741109,461.8543615180467,78.93566391054759,,,,,,,-34.998450483106055,-7.940562462923419,-5.633779694042147,0.2975952863210343,0.9395898479619401,0.16913888720917947
5045.14912,231,0.811201190291849,1.9973831684078533,-7.635996140541547,5045.14912-1,147.32238100094807,450.2658845423555,76.86450107447834,,,,,,,-34.998450483106055,-7.940562462923419,-5.633779694042147,0.3646416629681083,0.9164128940105578,0.16499656153704093
5045.1583439999995,231,0.8535895943641663,2.1651132670046014,-9.138925185335937,5045.1583439999995-1,139.7595703948557,455.08121830905355,65.57341565562096,,,,,,,-34.998450483106055,-7.940562462923419,-5.633779694042147,0.3495160417559235,0.926043561543954,0.14241439069932618
5045.214005999999,236,0.737612693470847,3.9033884135148282,3.8358985463841906,5045.214005999999-1,452.30617729066034,-249.3769815578489,103.82717400256774,,,,,,,-34.998450483106055,-7.940562462923419,-5.633779694042147,-0.8346154536151085,0.5146350880415446,-0.19638678861705117
5045.2561239999995,240,0.8295900532323037,2.509925612095564,-9.666701732596932,5045.2561239999995-1,157.65670609237498,448.57500807653025,61.28052744511845,,,,,,,-34.998450483106055,-7.940562462923419,-5.633779694042147,0.3853103131509621,0.9130311410789075,0.13382861427832118
5045.369084999999,249,0.7594631772046943,0.2265474086053027,0.19222938461654038,5045.369084999999-0,-152.99064380182463,96.85733346770564,437.09200143456087,43.96827179901926,-7.263105025322535,-10.530741344846252,-0.39391783120168783,0.20824087698605642,0.8952454855588142,,,,,,
5045.409067,251,0.7121351016790866,0.34405801201292396,0.08319505519278769,5045.409067-0,-89.77735714575917,134.97680365702308,449.77341366160556,43.96827179901926,-7.263105025322535,-10.530741344846252,-0.2674912578895568,0.2844798173646913,0.9206083100129037,,,,,,
5045.455593,256,0.7566396246355747,10.563994898117127,12.580710988340206,5045.455593-1,433.51847049431274,-292.7198805526039,33.65326676954521,,,,,,,-34.998450483106055,-7.940562462923419,-5.633779694042147,-0.7970400400224132,0.6013208860310546,-0.0560389741510062
5045.557236,262,0.8155022308077241,2.714330154233717,-9.40989997946345,5045.557236-1,175.08228084561085,440.7492880056436,61.77174241569631,,,,,,,-34.998450483106055,-7.940562462923419,-5.633779694042147,0.4201614626574338,0.897379700937134,0.13481104421947682
5045.624956,268,0.7366795452662609,8.605763823774762,-42.38153208348375,5045.624956-1,152.08788562077382,452.5780604772316,14.658539679225385,,,,,,,-29.062405600126606,-12.591375471867025,-13.660497193174134,0.3623005824418008,0.9303388718981972,0.056638073744799046
5045.664972,270,0.7236342900054799,0.2823154014746154,0.16964128435657022,5045.664972-0,-124.38395819561569,106.1805487706047,446.4025842829343,43.96827179901926,-7.263105025322535,-10.530741344846252,-0.33670445998926996,0.22688730759185458,0.9138666512555612,,,,,,
5045.764951,278,0.8275018555580494,0.41186298139386723,-0.09588661171864254,5045.764951-0,-49.620980386504044,188.7092287260569,439.8423221029941,43.96827179901926,-7.263105025322535,-10.530741344846252,-0.18717850437104658,0.3919446675027589,0.9007461268956808,,,,,,
5045.95366,293,0.901383515274489,0.9600090039209125,-1.5636189477584868,5045.95366-1,147.80581004037188,372.9728397018622,251.0239758565542,,,,,,,-29.062405600126606,-12.591375471867025,-13.660497193174134,0.35373643128099697,0.7711284303474585,0.5293689460994566
5046.165266999999,308,0.759046699291327,0.4139373192318758,-0.11072900204605873,5046.165266999999-0,-48.287541279033924,192.74862714923398,438.3391417458338,43.96827179901926,-7.263105025322535,-10.530741344846252,-0.18451162615610636,0.40002346434911307,0.8977397661813601,,,,,,
5046.261563999999,315,0.7246016208273806,0.42777226232013527,1.5587525783945373,5046.261563999999-1,-36.65614595118387,-302.245467408376,396.4905304288112,,,,,,,-29.062405600126606,-12.591375471867025,-13.660497193174134,0.1314371031026209,0.6296736857604861,-0.7656600664712742
5046.287115499999,317,0.8658699935280156,0.3262275713395728,-0.058634327912052475,5046.289193-0 5046.285038-1,-1678.712184995958,3035.6068077332416,7547.192064000634,43.96827179901926,-7.263105025322535,-10.530741344846252,-0.19933913287837707,0.40530967533313633,0.8921815830786044,-29.062405600126606,-12.591375471867025,-13.660497193174134,-0.20346489064815024,0.3239443279744907,0.923938369506696
5046.2913375,317,0.7664449438053129,0.5346385730124551,0.019270436448193595,5046.289193-0 5046.293482-1,7.191738018752288,56.143207926058366,162.20487273335297,43.96827179901926,-7.263105025322535,-10.530741344846252,-0.19933913287837707,0.40530967533313633,0.8921815830786044,-29.062405600126606,-12.591375471867025,-13.660497193174134,0.19192791354410532,0.2882250007088588,0.9381311342072519
5046.293482,317,0.7441628139707704,0.6147699933673215,0.09888845980683036,5046.293482-1,66.90155117192604,131.52112488256236,455.4050699104518,,,,,,,-29.062405600126606,-12.591375471867025,-13.660497193174134,0.19192791354410532,0.2882250007088588,0.9381311342072519
5046.3489899999995,321,0.7504976463892096,0.6270523363386473,1.668369080856508,5046.3489899999995-1,62.33645192861735,-322.449721450862,383.30938629436434,,,,,,,-29.062405600126606,-12.591375471867025,-13.660497193174134,-0.06654809265698149,0.6700821938454581,-0.7392977782023804
5046.357215,322,0.99,0.849240439795875,-1.2959831819187362,5046.357215-1,125.06357548053083,361.76879768069966,279.7669090133784,,,,,,,-29.062405600126606,-12.591375471867025,-13.660497193174134,0.30825196216131484,0.7487203463051333,0.5868548124131051
5046.4176,325,0.7287479433848576,0.6699141860636153,-0.6393681058504042,5046.41766-0 5046.4175399999995-1,24.858534548041824,93.76321023621624,114.29728479755431,43.96827179901926,-7.263105025322535,-10.530741344846252,-0.10113526959672366,0.3244274290538378,0.9404884372075583,-29.062405600126606,-12.591375471867025,-13.660497193174134,0.27995509444613964,0.8350610341934178,0.47360132418044665
5046.41766,325,0.8574958867697152,0.48878485709408004,0.03186236534433229,5046.41766-0,-6.599362999342567,154.95060950159638,459.7134772589329,43.96827179901926,-7.263105025322535,-10.530741344846252,-0.10113526959672366,0.3244274290538378,0.9404884372075583,,,,,,
5046.533799999999,332,0.7535138045404778,0.7741319083946625,1.1210472227172694,5046.533799999999-1,157.0750932450157,-200.1681095111877,447.6491529800245,,,,,,,-29.062405600126606,-12.591375471867025,-13.660497193174134,-0.25602537528977815,0.4255189699661094,-0.8679773115737008
5046.561575,333,0.7783133059355578,0.4258538841667029,0.07168509284729663,5046.561575-0,-43.53822560606397,141.4711998365417,458.74606339746384,43.96827179901926,-7.263105025322535,-10.530741344846252,-0.17501299481016647,0.29746860972372857,0.9385536094846201,,,,,,
5046.648923,340,0.8168199088661263,0.952451243737413,-1.7885812863487947,5046.648923-1,136.4094827368068,388.116087663802,235.5389887047808,,,,,,,-29.1229181941761,-12.579700532442224,-13.54314546749363,0.33106480186196585,0.8013915763924883,0.4981642683445488
5046.656926,340,0.7899289131164551,0.9432540406923702,-1.8343156670104146,5046.656926-1,132.1479914767059,391.46232844765933,232.91523339508225,,,,,,,-29.1229181941761,-12.579700532442224,-13.54314546749363,0.32254181934176396,0.8080840579602031,0.49291675772515176
5046.721194,344,0.7389812853738356,0.6997835191481013,-0.13290906942193637,5046.721194-1,107.81204080552594,192.11950277073876,421.5971229182223,,,,,,,-29.1229181941761,-12.579700532442224,-13.54314546749363,0.2738699179994041,0.40939840660636206,0.8702805367714318
5046.8497959999995,353,0.7267414005318258,0.6383058242292519,1.6696264385065132,5046.8497959999995-1,67.76308963302165,-322.34610991717966,382.7742907489291,,,,,,,-29.1229181941761,-12.579700532442224,-13.54314546749363,-0.07728034287769113,0.6698516208992439,-0.738462290562871
5047.061454,368,0.7207239670001926,0.6153260433377656,1.7127847961180946,5047.061454-1,55.69419100806681,-329.44944350064054,377.28760534701746,,,,,,,-29.1229181941761,-12.579700532442224,-13.54314546749363,-0.05314254562778143,0.6840582880661655,-0.7274889197590477
5047.1174175,372,0.7949999999999999,1.0263220163855833,-0.6148179889357273,5047.108948-0 5047.125886999999-1,86.06335785526947,102.53998370348461,127.748785403595,43.96827179901926,-7.263105025322535,-10.530741344846252,0.23250470845160784,0.588707278759572,0.7741868640601779,-29.1229181941761,-12.579700532442224,-13.54314546749363,0.5334939355624619,0.549908164257851,0.6426392701980139
5047.237464999999,382,0.7494543718350869,3.9833064976239854,-0.7071312977190691,5047.237464999999-1,511.0055017098832,99.61183098538305,114.61037048653684,,,,,,,-29.1229181941761,-12.579700532442224,-13.54314546749363,-0.9637651670314141,-0.17406426090588156,-0.20213445003808642
5047.292915999999,387,0.7992995429315677,0.5007896977042671,1.4768415494184144,5047.292915999999-1,0.4156209172329852,-289.1899336210637,411.17485821927147,,,,,,,-29.1229181941761,-12.579700532442224,-13.54314546749363,0.05741459455388617,0.6035392683070119,-0.7952634255035558
5047.461273999999,398,0.7440539821564547,0.6480355569364076,-0.1758063357759423,5047.461273999999-1,80.11688991489903,205.73246317846593,422.8127454061763,,,,,,,-29.1229181941761,-12.579700532442224,-13.54314546749363,0.21847961621815026,0.4366243274218162,0.87271178174734
5047.528937,402,0.7615485331435995,0.6156033817702389,-0.1964320843544347,5047.528937-1,62.66259507374333,212.34358008714918,423.475089151458,,,,,,,-29.1229181941761,-12.579700532442224,-13.54314546749363,0.18357102653583887,0.44984656123918276,0.8740364692379033
5047.577031999999,405,0.7740159148309962,0.6446994741816825,1.6550365584149453,5047.577031999999-1,71.23922845424201,-319.8677912918166,384.6292292672465,,,,,,,-29.1229181941761,-12.579700532442224,-13.54314546749363,-0.08423262052013185,0.6648949836485176,-0.7421721675995058
5047.648773,410,0.6848597643120997,0.8689796949991434,-0.3585839652748306,5047.640592-0 5047.656954-1,132.22511322654867,173.06800212425043,279.9635619745443,42.864297137968364,-9.716118424634892,-13.291035486452083,0.48334868167672734,0.534297442533886,0.6934697504744665,-29.1229181941761,-12.579700532442224,-13.54314546749363,0.31631467955348874,0.4071284267987331,0.8568497345458903
5047.6602760000005,411,0.6848597643120997,0.8518645481928067,-0.35285240040109733,5047.663598-0 5047.656954-1,169.631317881253,231.27406135957804,376.6348948064844,42.864297137968364,-9.716118424634892,-13.291035486452083,0.441741817182915,0.54422084346887,0.713223555756516,-29.1229181941761,-12.579700532442224,-13.54314546749363,0.31631467955348874,0.4071284267987331,0.8568497345458903
5047.676106499999,413,0.6723878967415997,2.0174738208861824,-19.479148975036487,5047.67069-0 5047.681522999999-1,16.308186154215978,120.7769240327359,8.3960396928237,42.864297137968364,-9.716118424634892,-13.291035486452083,0.3285568683180314,0.6569248458218493,0.678601599779272,-29.1229181941761,-12.579700532442224,-13.54314546749363,-0.07931002177290862,0.6684981758258287,-0.7394728591124359
5047.681522999999,413,0.7447757934831993,0.6401920702164161,1.665632262039515,5047.681522999999-1,68.7779290806304,-321.66938738047213,383.2795750237116,,,,,,,-29.1229181941761,-12.579700532442224,-13.54314546749363,-0.07931002177290862,0.6684981758258287,-0.7394728591124359
5047.8962894999995,428,0.7949999999999999,1.2311527832873028,-1.6440325132431104,5047.89467-0 5047.897908999999-1,134.97337173789634,222.63521185194162,144.22149389370003,42.864297137968364,-9.716118424634892,-13.291035486452083,0.5782519169157155,0.6314743278532254,0.5165896764799095,-29.1229181941761,-12.579700532442224,-13.54314546749363,0.3890195231098584,0.8344150266022077,0.3904041162946613
5047.897908999999,428,0.99,1.2112696507399603,-2.593616850389667,5047.897908999999-1,165.3868433607531,404.6278127686616,181.65891267983704,,,,,,,-29.1229181941761,-12.579700532442224,-13.54314546749363,0.3890195231098584,0.8344150266022077,0.3904041162946613
5048.014193,436,0.7087039482904873,0.7622420457642736,-0.41815050372116214,5048.014193-1,127.82286959151075,251.73444390002,380.79941215121636,,,,,,,-29.1229181941761,-12.579700532442224,-13.54314546749363,0.31389157557137376,0.5286282888649245,0.78868511523742
5048.218994,450,0.8432524886269198,0.471613674230036,0.048139040882784756,5048.218994-0,-16.611809286015813,148.74250818272478,457.19111764834247,42.864297137968364,-9.716118424634892,-13.291035486452083,-0.11895221284796838,0.3169172532147193,0.940964306269589,,,,,,
5048.253063,453,0.7392725482090104,0.7094143424921208,-0.5208473744115414,5048.253063-1,100.34213215042054,275.14412586503,374.34060059886104,,,,,,,-29.1229181941761,-12.579700532442224,-13.54314546749363,0.2589301006891933,0.5754476527949445,0.7757674921327093
5048.3242764999995,458,0.6518515132751257,0.8636741607737793,-0.8116942162504353,5048.328895-0 5048.319657999999-1,40.420762896021145,82.00629499443156,86.83245723404531,42.864297137968364,-9.716118424634892,-13.291035486452083,0.6213214315198243,0.623860402292599,0.4740863604718793,-29.1229181941761,-12.579700532442224,-13.54314546749363,0.11350094122105531,0.5971339593202099,0.7940708853550195
5048.327208999999,458,0.695826936943722,16.444979263901054,-45.774816715748145,5048.328895-0 5048.3255229999995-1,66.47953483178415,108.52536301929959,3.2572721311037043,42.864297137968364,-9.716118424634892,-13.291035486452083,0.6213214315198243,0.623860402292599,0.4740863604718793,-29.1229181941761,-12.579700532442224,-13.54314546749363,0.3092676552310496,0.7249349717793532,-0.6154858277159246
5048.334932,459,0.6781521501452565,9.152033404070131,-34.405108804015796,5048.328895-0 5048.340969-1,31.559694692367557,71.61864970423838,2.8497360478073697,42.864297137968364,-9.716118424634892,-13.291035486452083,0.6213214315198243,0.623860402292599,0.4740863604718793,-29.1229181941761,-12.579700532442224,-13.54314546749363,0.03933325130021034,0.7048615983241995,-0.7082535016150708
5048.340969,459,0.7563043002905132,0.5200933734986258,1.7838021811019567,5048.340969-1,9.45629254407092,-339.8510986296575,367.669896275029,,,,,,,-29.1229181941761,-12.579700532442224,-13.54314546749363,0.03933325130021034,0.7048615983241995,-0.7082535016150708
5048.490395999999,469,0.7617386726613495,1.5705574217071658,-2.125215526336032,5048.490395999999-1,253.22162509158642,349.28369761157387,184.79101689597672,,,,,,,-29.1229181941761,-12.579700532442224,-13.54314546749363,0.5646890865715251,0.7237267962880322,0.3966683247269408
5048.504911,470,0.971156715682778,-0.6798266910033494,-1.5355842519605964,5048.504911-1,-326.66258643366564,317.02447250708076,216.30731665705073,,,,,,,-29.1229181941761,-12.579700532442224,-13.54314546749363,-0.5950793364789791,0.659208346079046,0.4597009242490888
5048.521081999999,472,0.7208184189673171,0.8049082875639509,-1.0795252753267457,5048.521081999999-1,118.38320367099016,344.9609747405146,303.32687447389617,,,,,,,-29.1229181941761,-12.579700532442224,-13.54314546749363,0.2950122437303325,0.7150813505459137,0.6337400398827796
5048.552925,475,0.8637653923712028,1.1404054077225898,-1.7180754987762836,5048.552925-1,188.13368548028336,366.530757219922,229.50999477683993,,,,,,,-29.1229181941761,-12.579700532442224,-13.54314546749363,0.43451320734891896,0.7582209155047285,0.48610628048866705
5048.644905,480,0.7205918772233778,0.4898712907486609,-0.04209611379229927,5048.644905-0,-5.8175933525191965,175.1411015701995,448.7239878126324,42.864297137968364,-9.716118424634892,-13.291035486452083,-0.09736378098097516,0.3697144399896688,0.924030046598169,,,,,,
5048.705096,484,0.9240825790822697,1.0489183459220377,-1.8259202327189086,5048.705096-1,160.26456715064387,381.98570639378323,228.09711866366305,,,,,,,-29.169740896562306,-12.6476528778019,-13.52066769466817,0.3788686160944123,0.7892667185431702,0.48323557271666245
5048.713022,484,0.7511100769042969,1.0548308084322215,-1.81962659002258,5048.713022-1,162.0449140798026,381.07937274338633,228.173322751437,,,,,,,-29.169740896562306,-12.6476528778019,-13.52066769466817,0.3824293099527297,0.7874540512423763,0.4833879808922103
5048.981452999999,504,0.7312892270579439,0.2316207904740757,-29.169455400035318,5048.981452999999-1,-7.808658303385755,485.5787257796911,22.730949652532132,,,,,,,-29.169740896562306,-12.6476528778019,-13.52066769466817,0.042722165186353085,0.996452757314986,0.07250323469440058
5049.142393,515,0.7660777278954595,7.333790729301728,-68.37277141448008,5049.142393-1,83.59861917815721,473.92270406399916,9.557129244958787,,,,,,,-29.169740896562306,-12.6476528778019,-13.52066769466817,0.225536720149439,0.9731407138836022,0.04615559387925394
5049.207864999999,520,0.767046313695363,2.08471610147661,-25.518545886415552,5049.207864999999-1,51.88607071786237,479.18681598652813,25.57934049547424,,,,,,,-29.169740896562306,-12.6476528778019,-13.52066769466817,0.16211162322884937,0.9836689377286602,0.07820001638028472
5049.2151189999995,520,0.9243961328920376,0.9666483302932463,-1.7863263593156833,5049.2151189999995-1,140.33786660622312,386.76387619247873,234.94985660232368,,,,,,,-29.169740896562306,-12.6476528778019,-13.52066769466817,0.3390152150055708,0.7988230581405612,0.49694104859398364
5049.293224999999,527,0.7331791348147815,0.6928368214804949,-5.119830937350119,5049.293224999999-1,28.487313132284,466.9897007684723,115.41215631812385,,,,,,,-29.169740896562306,-12.6476528778019,-13.52066769466817,0.11531410805769272,0.9592747072925484,0.257865648025584
5049.325272,529,0.7855833590454029,0.7109581764657898,-5.466359684315553,5049.325272-1,29.45135186419874,468.5336959304783,109.06838990256763,,,,,,,-29.169740896562306,-12.6476528778019,-13.52066769466817,0.11724218552152207,0.9623626976165603,0.24517811519447147
5049.505955,543,0.7505303205827544,1.0127822371380935,-1.7400795058133811,5049.505955-1,154.635334726633,379.9808637045695,235.59485197738655,,,,,,,-29.169740896562306,-12.6476528778019,-13.52066769466817,0.3676101512463907,0.7852570331647429,0.49823103934410945
5049.545483999999,546,0.7310839570322132,-0.873934631305372,-2.059985862355653,5049.545483999999-1,-323.93927960000883,339.5139593198935,184.19912885306573,,,,,,,-29.169740896562306,-12.6476528778019,-13.52066769466817,-0.589539077406893,0.7043232243953909,0.3954395930954678
5049.605025,550,0.8806219306565338,0.5493120301104175,-0.26939555322317,5049.607137-0 5049.602913-1,12.870563280124093,112.9579678595714,203.90820536250322,42.864297137968364,-9.716118424634892,-13.291035486452083,-0.11032744764117146,0.30659220802002574,0.945425339346471,-29.169740896562306,-12.6476528778019,-13.52066769466817,0.1551655495107498,0.6555696548792325,0.7390210280137847
5049.607137,550,0.9410747250501816,0.47908473092956666,0.06593979950608164,5049.607137-0,-12.29942668261738,143.57998558537795,459.4216341867834,42.864297137968364,-9.716118424634892,-13.291035486452083,-0.11032744764117146,0.30659220802002574,0.945425339346471,,,,,,
5049.970971499999,580,0.7202826724953517,0.4849479736350947,-0.2871972478438152,5049.9690279999995-0 5049.972914999999-1,-2.7691480187715847,81.46241749127847,143.7279497934839,42.864297137968364,-9.716118424634892,-13.291035486452083,-0.23352065303892944,0.3214157478513548,0.9176927708320614,-29.169740896562306,-12.6476528778019,-13.52066769466817,0.13407439830849094,0.6570835445134279,0.7417986729887606
5049.974991499999,580,0.7153201273766234,0.5097342751137738,-0.2973682760715184,5049.977067999999-0 5049.972914999999-1,2.1558943789554874,99.3356970487745,173.02700651800333,42.864297137968364,-9.716118424634892,-13.291035486452083,-0.17615638425871058,0.3319929381709742,0.9266874431487141,-29.169740896562306,-12.6476528778019,-13.52066769466817,0.13407439830849094,0.6570835445134279,0.7417986729887606
5049.977067999999,580,0.7130456566810608,0.4215128438204198,0.01770970534298344,5049.977067999999-0,-45.21389499138691,156.2803506608522,450.05268608790493,42.864297137968364,-9.716118424634892,-13.291035486452083,-0.17615638425871058,0.3319929381709742,0.9266874431487141,,,,,,
5050.037007999999,585,0.7137947696949101,0.35212280708917676,-2.9529704333350866,5050.037007999999-1,-34.12638931848609,448.23372478171996,180.29312790069832,,,,,,,-29.169740896562306,-12.6476528778019,-13.52066769466817,-0.00991329684384759,0.9217627553190438,0.387627591190733
5050.060973,587,0.7702039818958097,0.6015548444896414,-0.7291877931651625,5050.060973-1,46.312084249069414,315.30760564011786,356.27365687390693,,,,,,,-29.169740896562306,-12.6476528778019,-13.52066769466817,0.15096365029126346,0.6559105170358395,0.7395886491371502
5050.077338,588,0.7254066718233622,0.33249023301087804,-2.895659374990767,5050.077338-1,-39.20696291382187,447.0640138579652,182.85763467399792,,,,,,,-29.169740896562306,-12.6476528778019,-13.52066769466817,-0.0200744440345191,0.9194233334715342,0.39275660473733204
5050.189165,595,0.8107289072324136,0.09060398183271437,-6.200942010485269,5050.189165-1,-51.50253912697387,474.18019700215814,98.28224239471538,,,,,,,-29.169740896562306,-12.6476528778019,-13.52066769466817,-0.04466559646082316,0.9736556997599201,0.22360582017876704
5050.275138,602,0.7525696294123004,0.5260913027846138,-0.5175067129357238,5050.28132-0 5050.268956-1,19.727112026735263,432.74051347120553,590.6874945307579,42.864297137968364,-9.716118424634892,-13.291035486452083,0.09202038743585753,0.37633639393594687,0.9219019291092968,-29.169740896562306,-12.6476528778019,-13.52066769466817,-0.020318549397571002,0.7660357018375948,0.6424768167494931
5050.28132,602,0.802515232340304,0.6551025487711059,-0.05365712451384841,5050.28132-0,88.87449085589711,178.4520785433386,447.65992906819633,42.864297137968364,-9.716118424634892,-13.291035486452083,0.09202038743585753,0.37633639393594687,0.9219019291092968,,,,,,
5050.585018,624,0.9110692400995916,0.42170154144708494,-0.7268669908253498,5050.585018-1,-36.162875055875574,318.7349938574326,360.8276160163443,,,,,,,-29.169740896562306,-12.6476528778019,-13.52066769466817,-0.0139862683186265,0.6627652934704689,0.7486965674220248
5050.712903,634,0.7397237836868527,0.20471257667392356,-5.609171244593065,5050.712903-1,-40.59097181358827,472.3776318942747,107.39264264007522,,,,,,,-29.169740896562306,-12.6476528778019,-13.52066769466817,-0.02284246183405193,0.9700505695441533,0.2418266206694867
5050.8133179999995,640,0.7076607632724353,0.41685249659744983,0.012248305899391077,5050.8133179999995-0,-47.79132990447234,157.69619541548076,449.04507002580453,42.864297137968364,-9.716118424634892,-13.291035486452083,-0.1813112540848814,0.3348246276802314,0.9246722110245132,,,,,,
5050.833049,643,0.8367350259980527,0.3668720889281507,-0.848616657774341,5050.829145-0 5050.836953-1,-114.42785306444681,652.0391590043014,671.5102752446219,42.864297137968364,-9.716118424634892,-13.291035486452083,-0.1379081054904511,0.3349796236793542,0.9320783261934982,-29.169740896562306,-12.6476528778019,-13.52066769466817,-0.09221593261313547,0.9248585911217846,0.36896179775217497
5050.836953,643,0.8395743008249039,0.15599772329485898,-3.15404703556948,5050.836953-1,-75.27770720313005,449.78164268309035,170.96023118141935,,,,,,,-29.169740896562306,-12.6476528778019,-13.52066769466817,-0.09221593261313547,0.9248585911217846,0.36896179775217497
5050.901148999999,648,0.8741119973559901,0.5811805849137013,-1.1042045727504322,5050.901148999999-1,32.495251172389,361.20187727884854,312.72150854069844,,,,,,,-29.169740896562306,-12.6476528778019,-13.52066769466817,0.12332998413790264,0.7476990603133007,0.652484352470733
5050.965405,652,0.868566020632287,0.5701704704660248,-1.144852559825214,5050.965405-1,27.719449111021717,365.49354265371,308.61727838166706,,,,,,,-29.169740896562306,-12.6476528778019,-13.52066769466817,0.11377838001516807,0.7562823910630238,0.6442758921526706
5050.999225,655,0.7872986958635546,0.3527626491189416,-1.091736033546264,5051.001428-0 5050.997022-1,-84.51095262557305,513.9117848946073,448.42006015216026,42.864297137968364,-9.716118424634892,-13.291035486452083,-0.1459118616584692,0.3328310421549954,0.9316293393863139,-29.169740896562306,-12.6476528778019,-13.52066769466817,-0.0808150902485538,0.9728780398495768,0.21674233727300043
5051.001428,655,0.7932742769937753,0.4480489259693271,0.019057033072719887,5051.001428-0,-30.091633691266253,156.6994026528628,452.52363420670486,42.864297137968364,-9.716118424634892,-13.291035486452083,-0.1459118616584692,0.3328310421549954,0.9316293393863139,,,,,,
5051.060874,660,0.7534034597539628,0.12432091932273699,-3.132804838207754,5051.060874-1,-82.50244793828641,448.7602862137097,171.56940795209783,,,,,,,-29.169740896562306,-12.6476528778019,-13.52066769466817,-0.10666541408344818,0.9228158781830231,0.3701801512935319
5051.132971999999,666,0.786166528139739,0.5965400521941977,-1.1440073140736433,5051.132971999999-1,38.04463910518194,364.4283976946964,307.87609521004407,,,,,,,-29.169740896562306,-12.6476528778019,-13.52066769466817,0.13442876000348858,0.7541521011449966,0.6427935258094244
5051.28123,677,0.760233238924852,0.5939133956753893,-1.1510554279305616,5051.28123-1,36.929041907423894,365.194877058916,307.20658946139577,,,,,,,-29.169740896562306,-12.6476528778019,-13.52066769466817,0.1321975656079724,0.7556850598734357,0.6414545143121277
5051.321019,680,0.7018382110537152,0.6573398043355859,-0.07080474809645088,5051.321019-0,89.74728537402265,183.14405226687097,445.6282820138044,42.864297137968364,-9.716118424634892,-13.291035486452083,0.09376597647210859,0.3857203413830118,0.917838635000513,,,,,,
5051.552865,696,0.7591529611623683,-1.7483231031490925,-1.077260600383136,5051.552865-1,-457.0216174191695,180.34495650950134,158.8064180404636,,,,,,,-29.169740896562306,-12.6476528778019,-13.52066769466817,-0.8557037530452144,0.3859852187746064,0.3446541714702635
5051.592944,697,0.7136869919655576,0.11472118916287818,-3.0102871099429507,5051.592944-1,-87.06100847108306,446.1837351559657,176.53816133892713,,,,,,,-29.169740896562306,-12.6476528778019,-13.52066769466817,-0.11578253514904151,0.9176627760675351,0.38011765806719056
5051.624937,698,0.7173455281691091,0.45524459353823366,-0.6616807541433407,5051.624937-1,-21.15606213811645,308.8863020420129,369.30004332601175,,,,,,,-29.169740896562306,-12.6476528778019,-13.52066769466817,0.01602735751689173,0.6430679098396297,0.7656414220413598
5051.805367,706,0.7847058425567959,0.47485746840230625,-0.6320766673339651,5051.805367-1,-11.916701903549733,301.81820871308025,370.28583720671537,,,,,,,-27.054134735961163,-14.83223811385718,-16.37079683897781,0.030274865664822844,0.6333008936538749,0.7733132680913863
5051.844835999999,708,0.8421858955441226,0.9289629539677751,3.5070416054656848,5051.844835999999-1,111.82640689058921,-440.9471574110243,203.66416161390856,,,,,,,-27.054134735961163,-14.83223811385718,-16.37079683897781,-0.16954454430925614,0.911558791049763,-0.37458672954986144
5051.854149,709,0.8662077784538269,1.2036036833193933,4.885322958390578,5051.854149-1,130.4121127743243,-457.2081211907115,144.8037659841117,,,,,,,-27.054134735961163,-14.83223811385718,-16.37079683897781,-0.2067159560767263,0.9440807186091373,-0.2568659382902679
5051.884966,710,0.7607656837558694,0.6328101038579395,-1.2886459691163972,5051.884966-1,49.25023545936377,373.0990212536191,289.71249426764007,,,,,,,-27.054134735961163,-14.83223811385718,-16.37079683897781,0.15260874039064984,0.7758625187349526,0.6121665822132358
5052.014615,717,0.99,0.5651117307369067,-1.0971116220999835,5052.014615-1,25.99072412232691,358.6054922773928,311.8524571649644,,,,,,,-27.054134735961163,-14.83223811385718,-16.37079683897781,0.10608971771657615,0.7468754607825,0.6564465080078845
5052.369756,745,0.796563094335341,2.1855930777556734,10.006699319793809,5052.369756-1,147.41614799678268,-467.675484353206,68.32542630978901,,,,,,,-27.054134735961163,-14.83223811385718,-16.37079683897781,-0.240724026521643,0.9650154449341265,-0.10390925894162246
5052.37947,746,0.7335901124640114,3.991890262863047,-0.1332184306996782,5052.37947-1,515.6960697902864,52.602854096166794,115.37806866626104,,,,,,,-27.054134735961163,-14.83223811385718,-16.37079683897781,-0.9772838701086503,-0.07554123196461922,-0.19801454365456647
5052.410789,749,0.7673132894748669,0.2195884651853607,-0.26599475846945486,5052.410789-1,-145.88053153789485,224.15570015506026,406.435367715232,,,,,,,-27.054134735961163,-14.83223811385718,-16.37079683897781,-0.23765279360386735,0.47797587653783485,0.8456123291084198
5052.4813269999995,755,0.900590563163457,0.5958394444859509,-1.0794365026641324,5052.4813269999995-1,38.377523627357526,355.76019757325855,312.84029759029096,,,,,,,-27.054134735961163,-14.83223811385718,-16.37079683897781,0.13086331672663737,0.7411848713742314,0.6584221888585375
5052.489019,755,0.8693694472312927,0.7629136200003888,-1.5963210564524206,5052.489019-1,86.52112839797182,388.0515417943666,257.09824983892275,,,,,,,-27.054134735961163,-14.83223811385718,-16.37079683897781,0.22715052626786592,0.8057675598164475,0.5469380933558011
5052.512960999999,757,0.7933949263771103,0.7430370529351735,-0.37315845591809094,5052.512960999999-1,120.11617531062592,242.74181551878718,386.1170995455459,,,,,,,-27.054134735961163,-14.83223811385718,-16.37079683897781,0.2943406200931742,0.5151481072652887,0.8049757927690474
5052.577033,761,0.715537908814659,4.150609336637724,-0.45529985056322086,5052.577033-1,514.4045770405181,75.71844746225241,110.08534158383593,,,,,,,-27.054134735961163,-14.83223811385718,-16.37079683897781,-0.9747008846091141,-0.12177241869679051,-0.18742908948971623
5052.653136,767,0.8463436765954537,0.37586783117836,-1.0911944417142534,5052.653136-1,-49.887598808437815,359.7112639052499,313.97732706252077,,,,,,,-27.078561741085704,-14.899071929707432,-16.396467469794757,-0.045618074134704215,0.7492206716699147,0.660747589064631
5052.669129,768,0.7876635017054434,0.8117351172414932,-0.8799485669941844,5052.669129-1,128.26119859781267,319.3706424844451,321.4397604326232,,,,,,,-27.078561741085704,-14.899071929707432,-16.396467469794757,0.31067952067779686,0.6685394288283052,0.6756724558048358
5052.676971,769,0.9646709103879916,1.0724488000576304,-4.200644622990284,5052.676971-1,96.62593063837633,446.3103786813456,131.87032325621442,,,,,,,-27.078561741085704,-14.899071929707432,-16.396467469794757,0.2474089847589241,0.9224189012221061,0.2965335814520184
5052.721681999999,771,0.8255358610078911,0.6833293137887475,-1.0889363296607906,5052.717227-0 5052.726137-1,24.838244861339284,121.0927140094567,105.84711411881347,42.864297137968364,-9.716118424634892,-13.291035486452083,-0.08546596616339869,0.39467224050230393,0.914838450877885,-27.078561741085704,-14.899071929707432,-16.396467469794757,0.24208044781575697,0.9282719958365616,0.2823263333997185
5052.726137,771,0.9392658411989352,1.0883585044792015,-4.500855026497191,5052.726137-1,93.96166216679279,449.23692598857326,124.76669923006452,,,,,,,-27.078561741085704,-14.899071929707432,-16.396467469794757,0.24208044781575697,0.9282719958365616,0.2823263333997185
5052.732905,772,0.7556395530700684,1.2144103124098133,-4.793108274362536,5052.732905-1,107.42171322455778,447.6902788866492,117.4720073309139,,,,,,,-27.078561741085704,-14.899071929707432,-16.396467469794757,0.2690005499312869,0.9251787016327133,0.2677369496014173
5052.741344,773,0.8087579011917114,1.2857284556374604,-4.881823000270069,5052.741344-1,115.72946698790496,445.8855604775046,115.06983797722923,,,,,,,-27.078561741085704,-14.899071929707432,-16.396467469794757,0.2856160574579814,0.9215692648144241,0.262932610894048
5052.756998,774,0.7245635390281677,1.3396360108754535,-4.765974581661726,5052.756998-1,125.38024390041187,442.322813087433,116.66164180484034,,,,,,,-27.078561741085704,-14.899071929707432,-16.396467469794757,0.30491761128299527,0.914443770034281,0.26611621854927014
5052.868877,783,0.99,0.14791516056049087,-1.0724298817066402,5052.868877-1,-138.82831880113554,348.7583019971878,308.0496855134301,,,,,,,-27.078561741085704,-14.899071929707432,-16.396467469794757,-0.22349951412009966,0.7273147478537904,0.6488923059664498
5053.0353595,795,0.8331031678029868,0.6869912965331993,-0.7558397009585263,5053.04094-0 5053.0297789999995-1,23.43703293972036,88.53968502029002,97.9199691302512,42.864297137968364,-9.716118424634892,-13.291035486452083,-0.10801753473415286,0.29530533376671303,0.9492770786439997,-27.078561741085704,-14.899071929707432,-16.396467469794757,0.27384051800309156,0.8865543975997184,0.37287085002236214
5053.039001499999,795,0.7944883621637792,0.7497359470227954,-0.8206991116748397,5053.04094-0 5053.037063-1,25.94113669265086,77.16748663645303,81.15176562580953,42.864297137968364,-9.716118424634892,-13.291035486452083,-0.10801753473415286,0.29530533376671303,0.9492770786439997,-27.078561741085704,-14.899071929707432,-16.396467469794757,0.3223637318079107,0.8897845919773585,0.32305572939442334
5053.04094,795,0.7110215260395945,0.4811278541791045,0.08474135454671683,5053.04094-0,-11.144470229108059,137.93654845872166,461.34750383554774,42.864297137968364,-9.716118424634892,-13.291035486452083,-0.10801753473415286,0.29530533376671303,0.9492770786439997,,,,,,
5053.16102,803,0.7358129156355728,0.48520335735800907,-0.407191153228057,5053.16104-0 5053.161-1,-4.56099613883276,157.29606296729912,240.81667170571367,42.864297137968364,-9.716118424634892,-13.291035486452083,-0.14020788045643498,0.32084520005433526,0.9366963797624114,-27.078561741085704,-14.899071929707432,-16.396467469794757,0.06117923524080311,0.7428033322598826,0.6667085650859488
5053.16104,803,0.7645986565176799,0.4532345092067354,0.0400257841024525,5053.16104-0,-27.23964309024911,150.70648160253268,455.05715439475364,42.864297137968364,-9.716118424634892,-13.291035486452083,-0.14020788045643498,0.32084520005433526,0.9366963797624114,,,,,,
5053.306289,812,0.9323416941334959,1.1915820507175678,-3.8068650031462816,5053.306289-1,124.22245209838329,435.1511851460607,140.32867192138212,,,,,,,-27.078561741085704,-14.899071929707432,-16.396467469794757,0.30260202767893796,0.9001005141515362,0.3134502787823537
5053.3931219999995,819,0.7518793693179396,0.6008970049625003,-1.0777120185151063,5053.3931219999995-1,40.398403264256665,355.33352640319737,312.80663446779914,,,,,,,-27.078561741085704,-14.899071929707432,-16.396467469794757,0.13495393001068473,0.7404651966658097,0.6584062038751877
5053.660951999999,840,0.7086160339773834,0.6146390978538703,-1.0304081489202002,5053.660951999999-1,46.35455271750071,348.0883043603845,315.90002877299196,,,,,,,-25.328621166911695,-16.35250026691,-18.830344071282937,0.14336634776882484,0.728881609254589,0.6694607456885497
5053.742408,847,0.9328867602244236,0.5843447808645391,-0.1587429149310442,5053.742408-1,45.927407072758854,201.76795714419353,425.4061295531576,,,,,,,-25.328621166911695,-16.35250026691,-18.830344071282937,0.1425120564793411,0.436240914822207,0.888472947248881
5053.90093,859,0.7702331925823529,0.5511331303984199,-0.5413213960452721,5053.90093-1,24.748821039758504,283.50417096643446,378.1308964785918,,,,,,,-25.328621166911695,-16.35250026691,-18.830344071282937,0.1001548844133404,0.599713342466689,0.7939224810997495
5053.997886,867,0.7873557741371258,0.6321968798707769,1.7578925086759014,5053.997886-1,62.82957320591308,-336.2861352261553,371.30682747657,,,,,,,-25.328621166911695,-16.35250026691,-18.830344071282937,-0.0750019040780027,0.7052772709861306,-0.7049529668105741
5054.004957,868,0.7993392953758498,1.1308418501460757,-0.5569917382516849,5054.004957-1,251.5360817317552,237.06853407572652,311.508445115729,,,,,,,-25.328621166911695,-16.35250026691,-18.830344071282937,0.5537294057973338,0.506842068685273,0.6606775783740239
5054.11346,876,0.8541912376493691,0.4503447075134878,0.1176192616597116,5054.11346-0,-29.20287963941884,126.49654632855828,459.4625985637489,42.510287033613025,-11.3860289032507,-15.769573298774029,-0.14342633334606378,0.27576515046361816,0.9504643437250458,,,,,,
5054.144945999999,879,0.7615778035332522,-0.29300458774949556,-0.8190020659435788,5054.144945999999-1,-292.6569097233907,273.81112216353563,288.31890036129846,,,,,,,-25.328621166911695,-16.35250026691,-18.830344071282937,-0.534656577112958,0.5803272448608913,0.6142984888651629
5054.241056999999,886,0.7413854557839692,0.6073284446472897,1.6463891553570682,5054.241056999999-1,53.26415146136719,-320.01826976497625,387.7128608911011,,,,,,,-25.328621166911695,-16.35250026691,-18.830344071282937,-0.055871060588910865,0.6727415400637725,-0.7377650336396363
5054.249164999999,887,0.7179621058598812,0.6598420980017099,1.5807731299177075,5054.249164999999-1,80.91530111035044,-307.74892808001965,395.48454245004217,,,,,,,-25.328621166911695,-16.35250026691,-18.830344071282937,-0.11117335988687743,0.6482028566938594,-0.7533083967575184
5054.392922,898,0.7895900092465888,0.6127349864238223,-0.5016465842506301,5054.392922-1,54.85458958708677,274.15192163277976,380.1406242583775,,,,,,,-25.328621166911695,-16.35250026691,-18.830344071282937,0.16036642150799696,0.5810088437993796,0.7979419366593209
5054.408976,899,0.7442265684161906,3.916007638869073,0.21205005937743238,5054.408976-1,515.3562962042348,24.43589628625358,117.8633507221468,,,,,,,-25.328621166911695,-16.35250026691,-18.830344071282937,-0.9800553500746464,-0.01616679203868719,-0.19806601330172774
5054.540948,910,0.7274752284401116,0.8560363852660575,-2.7442228635354295,5054.540948-1,83.48187649188867,427.88890625443855,183.1841314773226,,,,,,,-25.328621166911695,-16.35250026691,-18.830344071282937,0.2176209953176008,0.888482813042697,0.40402895109721115
5054.833017,931,0.7107870820387442,0.4735767387783051,-0.10579329791764058,5054.833017-0,-14.808639391254452,190.97465338660328,437.8433618526449,42.510287033613025,-11.3860289032507,-15.769573298774029,-0.11463785284973498,0.40472136457970803,0.9072258703028379,,,,,,
5054.929005,938,0.7490265210209089,0.44838599464893825,0.11782679724400158,5054.929005-0,-30.345406820554942,126.38867482767344,459.3200802245203,42.510287033613025,-11.3860289032507,-15.769573298774029,-0.14571138770833592,0.27554940746184836,0.9501793070465887,,,,,,
5054.9970445,943,0.7160518409623788,0.15620817134499357,-4.390255951524,5055.001050999999-0 5054.993038-1,-74.69498133069285,597.654219610529,169.74066659147746,42.510287033613025,-11.3860289032507,-15.769573298774029,-0.04807416742036889,0.26123697581017624,0.964076821055455,-25.328621166911695,-16.35250026691,-18.830344071282937,-0.060450505000414406,0.6979268956383785,-0.7136131898933559
5055.001050999999,943,0.7081089323572635,0.5309525083902229,0.14483871903873968,5055.001050999999-0,18.473203323428564,119.23245900183738,466.26883722895343,42.510287033613025,-11.3860289032507,-15.769573298774029,-0.04807416742036889,0.26123697581017624,0.964076821055455,,,,,,
5055.089102,949,0.8247546278127388,0.9677308651056308,-0.6996233051181819,5055.089102-1,192.593798954438,277.852104964426,321.6890666370168,,,,,,,-25.328621166911695,-16.35250026691,-18.830344071282937,0.4358448402426994,0.588409210462672,0.6810388214165994
5055.112899,951,0.7279837516800026,0.4215256980874747,-0.6393703855151613,5055.112899-1,-36.88321385043743,301.2234300248145,367.1904065202669,,,,,,,-25.328621166911695,-16.35250026691,-18.830344071282937,-0.023109185367051477,0.635151860583449,0.7720415011830998
5055.3049009999995,964,0.8154324636376107,0.7391781835961708,-2.5031888086265814,5055.3049009999995-1,60.36630515697527,426.3617097245703,197.1800905701089,,,,,,,-25.328621166911695,-16.35250026691,-18.830344071282937,0.17138985264777398,0.8854284199829606,0.4320208692827837
5055.3342999999995,967,0.7290490259069409,-0.36717663537635514,-6.8123408254141955,5055.341144999999-0 5055.327455-1,-111.61854879321275,529.4290359410751,100.55851101990513,42.510287033613025,-11.3860289032507,-15.769573298774029,-0.1661819800713051,0.31496188442013784,0.9344423796372338,-25.328621166911695,-16.35250026691,-18.830344071282937,-0.05718605611583993,0.6968491363862588,-0.714934287961937
5055.341144999999,967,0.743563563848223,0.42977392690552063,0.05053964945519862,5055.341144999999-0,-40.58070300203955,146.09491330681826,451.45161651984284,42.510287033613025,-11.3860289032507,-15.769573298774029,-0.1661819800713051,0.31496188442013784,0.9344423796372338,,,,,,
5055.437,973,0.8141087753991552,0.47840248934788876,-0.21239280888180412,5055.437-1,-11.697754720106985,217.04054315594186,423.14464024539546,,,,,,,-25.328621166911695,-16.35250026691,-18.830344071282937,0.02726173289360939,0.46678608684570383,0.8839499686333568
5055.549093,981,0.7057783023968269,3.954691180501885,-0.4197438599377046,5055.549093-1,512.108285887206,76.6905752682932,115.80907740970834,,,,,,,-25.328621166911695,-16.35250026691,-18.830344071282937,-0.9735593294405883,-0.12067615000276634,-0.19395746667685085
5055.6230235,987,0.777677960305531,-0.31388492075618385,-0.36561526469649985,5055.6250469999995-0 5055.621-1,-48.15627365469598,28.80960505978958,46.22531740454953,42.510287033613025,-11.3860289032507,-15.769573298774029,-0.1450384695730332,0.2755319417218142,0.9502873204641422,-25.328621166911695,-16.35250026691,-18.830344071282937,-0.9094105921630319,0.35381027117923497,0.21861076567671522
5055.627394499999,988,0.7528385488547158,0.5181016078452606,-0.24964354685675572,5055.6250469999995-0 5055.629742-1,4.4549517491753985,103.77749565771826,192.27192875877807,42.510287033613025,-11.3860289032507,-15.769573298774029,-0.1450384695730332,0.2755319417218142,0.9502873204641422,-25.328621166911695,-16.35250026691,-18.830344071282937,0.10960633358024328,0.6699954926042637,0.7342291818833316
5055.629742,988,0.7998557726364967,0.5661155047207819,-0.7706943988778525,5055.629742-1,29.474545623209963,318.6452460352218,348.28424687038284,,,,,,,-25.328621166911695,-16.35250026691,-18.830344071282937,0.10960633358024328,0.6699954926042637,0.7342291818833316
