{
    "duration_s": 17.106037000000015,
    "meta_version": "2.3",
    "min_player_version": "2.0",
    "recording_name": "C:/Users/jhund/Final Year Project/final-year-project/Eye-Tracking-Unity/2024_02_22",
    "recording_software_name": "Pupil Capture",
    "recording_software_version": "3.5.1",
    "recording_uuid": "dce907d7-3891-4e5c-b93a-78bfa5385dfd",
    "start_time_synced_s": 3804.22807,
    "start_time_system_s": 1708619909.7648695,
    "system_info": "User: jhund, Platform: Windows, Machine: Jhundon, Release: 10, Version: 10.0.19041"
}