index,timestamp,label,duration,id,objectType,segmentLocation
133,11234.66754013501,Experiment Started,0.0,,,
134,11234.66957718335,Spawning,0.0,1,Obstacle,
237,11236.189779820068,Spawning,0.0,2,Obstacle,
265,11236.67705398999,Looking At,0.0,2,Obstacle,1
267,11236.691374363525,Looking At,0.0,2,Obstacle,1
269,11236.724409641845,Looking At,0.0,2,Obstacle,1
269,11236.733236851318,Looking At,0.0,2,Obstacle,1
270,11236.74671036206,Looking At,0.0,2,Obstacle,1
271,11236.759970249755,Looking At,0.0,2,Obstacle,1
273,11236.787367405517,Looking At,0.0,2,Obstacle,1
273,11236.796660008056,Looking At,0.0,2,Obstacle,1
274,11236.809576572998,Looking At,0.0,2,Obstacle,1
275,11236.821829380615,Looking At,0.0,2,Obstacle,1
276,11236.836599888427,Looking At,0.0,2,Obstacle,1
277,11236.846815647705,Looking At,0.0,2,Obstacle,1
278,11236.859938206298,Looking At,0.0,2,Obstacle,1
279,11236.880972447021,Looking At,0.0,2,Obstacle,1
280,11236.890524448974,Looking At,0.0,2,Obstacle,1
281,11236.910833897216,Looking At,0.0,2,Obstacle,1
282,11236.924284519775,Looking At,0.0,2,Obstacle,1
283,11236.936941685302,Looking At,0.0,2,Obstacle,1
284,11236.949881138427,Looking At,0.0,2,Obstacle,1
285,11236.963598789795,Looking At,0.0,2,Obstacle,1
286,11236.979879917724,Looking At,0.0,2,Obstacle,1
287,11236.991987766845,Looking At,0.0,2,Obstacle,1
288,11237.008246006591,Looking At,0.0,2,Obstacle,1
289,11237.017187656982,Looking At,0.0,2,Obstacle,1
290,11237.030745091064,Looking At,0.0,2,Obstacle,1
291,11237.046988072021,Looking At,0.0,2,Obstacle,1
292,11237.069922031982,Looking At,0.0,2,Obstacle,1
294,11237.089521946533,Looking At,0.0,2,Obstacle,1
294,11237.100370945556,Looking At,0.0,2,Obstacle,1
295,11237.113371433838,Looking At,0.0,2,Obstacle,1
296,11237.124380650146,Looking At,0.0,2,Obstacle,1
297,11237.138838352783,Looking At,0.0,2,Obstacle,1
298,11237.147764744384,Looking At,0.0,2,Obstacle,1
298,11237.154379429443,Looking At,0.0,2,Obstacle,1
299,11237.168608250244,Looking At,0.0,2,Obstacle,1
300,11237.184073032959,Looking At,0.0,2,Obstacle,1
300,11237.191404881103,Looking At,0.0,2,Obstacle,1
316,11237.420759739502,Looking At,0.0,2,Obstacle,1
317,11237.429625095947,Looking At,0.0,2,Obstacle,1
318,11237.45130020581,Looking At,0.0,2,Obstacle,1
319,11237.46458298169,Looking At,0.0,2,Obstacle,1
320,11237.474714817627,Looking At,0.0,2,Obstacle,1
321,11237.486433567627,Looking At,0.0,2,Obstacle,1
322,11237.511831822021,Looking At,0.0,2,Obstacle,1
323,11237.5227418562,Looking At,0.0,2,Obstacle,1
325,11237.541990818603,Looking At,0.0,2,Obstacle,1
335,11237.706411900146,Spawning,0.0,3,Obstacle,
338,11237.761091770752,Looking At,0.0,1,Obstacle,5
339,11237.778822483642,Looking At,0.0,1,Obstacle,5
340,11237.79195267163,Looking At,0.0,1,Obstacle,5
341,11237.803846897705,Looking At,0.0,1,Obstacle,5
342,11237.81468063794,Looking At,0.0,1,Obstacle,5
343,11237.82865768872,Looking At,0.0,1,Obstacle,5
344,11237.83714157544,Looking At,0.0,1,Obstacle,5
345,11237.85404831372,Looking At,0.0,1,Obstacle,5
346,11237.869238438232,Looking At,0.0,1,Obstacle,5
347,11237.878264011963,Looking At,0.0,1,Obstacle,5
347,11237.88531357251,Looking At,0.0,1,Obstacle,5
348,11237.917509617431,Looking At,0.0,1,Obstacle,5
349,11237.9407106062,Looking At,0.0,1,Obstacle,5
350,11237.950552525146,Looking At,0.0,1,Obstacle,5
351,11237.963133396728,Looking At,0.0,1,Obstacle,5
353,11237.99069839917,Looking At,0.0,1,Obstacle,5
353,11238.000372471435,Looking At,0.0,1,Obstacle,5
354,11238.020048679931,Looking At,0.0,1,Obstacle,5
355,11238.032644810302,Looking At,0.0,1,Obstacle,5
357,11238.058371128662,Looking At,0.0,1,Obstacle,5
362,11238.127287449463,Intercepted,0.0,1,Obstacle,
365,11238.180433811767,Looking At,0.0,1,Obstacle,5
366,11238.191732945068,Looking At,0.0,1,Obstacle,5
366,11238.206480564697,Looking At,0.0,1,Obstacle,5
367,11238.222036900146,Looking At,0.0,1,Obstacle,5
368,11238.235014500244,Looking At,0.0,1,Obstacle,5
369,11238.248724522216,Looking At,0.0,1,Obstacle,5
370,11238.258535923584,Looking At,0.0,1,Obstacle,5
371,11238.27038437329,Looking At,0.0,1,Obstacle,5
372,11238.291700901611,Looking At,0.0,1,Obstacle,5
373,11238.301344456298,Looking At,0.0,1,Obstacle,5
374,11238.325804295166,Looking At,0.0,1,Obstacle,5
375,11238.34306961499,Looking At,0.0,1,Obstacle,5
376,11238.352049412353,Looking At,0.0,1,Obstacle,5
377,11238.363966526611,Looking At,0.0,1,Obstacle,5
378,11238.381918491943,Looking At,0.0,1,Obstacle,5
379,11238.392866673095,Looking At,0.0,1,Obstacle,5
381,11238.408659519775,Looking At,0.0,1,Obstacle,5
381,11238.417212071045,Looking At,0.0,1,Obstacle,5
382,11238.42624527417,Looking At,0.0,1,Obstacle,5
383,11238.439367832763,Looking At,0.0,1,Obstacle,5
385,11238.469664158447,Looking At,0.0,1,Obstacle,5
389,11238.546904148681,Looking At,0.0,3,Obstacle,4
390,11238.55953079663,Looking At,0.0,3,Obstacle,4
391,11238.576139988525,Looking At,0.0,3,Obstacle,4
392,11238.58842331372,Looking At,0.0,3,Obstacle,4
411,11238.860746922119,Looking At,0.0,3,Obstacle,4
431,11239.210951389892,Spawning,0.0,4,Obstacle,
440,11239.354330601318,Looking At,0.0,3,Obstacle,4
441,11239.364080967529,Looking At,0.0,3,Obstacle,4
442,11239.383787693603,Looking At,0.0,3,Obstacle,4
444,11239.40799576245,Looking At,0.0,3,Obstacle,4
445,11239.419973911865,Looking At,0.0,3,Obstacle,4
446,11239.432417454345,Looking At,0.0,3,Obstacle,4
447,11239.446600498779,Looking At,0.0,3,Obstacle,4
448,11239.459967197998,Looking At,0.0,3,Obstacle,4
449,11239.488066258056,Looking At,0.0,3,Obstacle,4
450,11239.495947422607,Looking At,0.0,3,Obstacle,4
450,11239.512152256591,Looking At,0.0,3,Obstacle,4
451,11239.520704807861,Looking At,0.0,3,Obstacle,4
452,11239.538527073486,Looking At,0.0,3,Obstacle,4
453,11239.548361363037,Looking At,0.0,3,Obstacle,4
453,11239.554853977783,Looking At,0.0,3,Obstacle,4
454,11239.567617954834,Looking At,0.0,3,Obstacle,4
455,11239.584402622802,Looking At,0.0,3,Obstacle,4
455,11239.595243992431,Looking At,0.0,3,Obstacle,4
456,11239.61413437329,Looking At,0.0,3,Obstacle,4
457,11239.622587742431,Looking At,0.0,3,Obstacle,4
458,11239.634947361572,Looking At,0.0,3,Obstacle,4
459,11239.655050816162,Looking At,0.0,3,Obstacle,4
459,11239.661879124267,Looking At,0.0,3,Obstacle,4
460,11239.68444687329,Looking At,0.0,3,Obstacle,4
461,11239.690924229248,Looking At,0.0,3,Obstacle,4
461,11239.703054966552,Looking At,0.0,3,Obstacle,4
463,11239.741552891357,Looking At,0.0,3,Obstacle,4
463,11239.749754490478,Looking At,0.0,3,Obstacle,4
464,11239.761053623779,Looking At,0.0,3,Obstacle,4
464,11239.782721104248,Looking At,0.0,3,Obstacle,4
466,11239.798750462158,Looking At,0.0,3,Obstacle,4
468,11239.825430454834,Looking At,0.0,3,Obstacle,4
468,11239.832373203857,Looking At,0.0,3,Obstacle,4
469,11239.851996006591,Looking At,0.0,3,Obstacle,4
470,11239.863966526611,Looking At,0.0,3,Obstacle,4
471,11239.880285801513,Looking At,0.0,3,Obstacle,4
472,11239.889616551025,Looking At,0.0,3,Obstacle,4
474,11239.913946690185,Looking At,0.0,3,Obstacle,4
474,11239.923712315185,Looking At,0.0,3,Obstacle,4
475,11239.935919346435,Looking At,0.0,3,Obstacle,4
476,11239.949957432373,Looking At,0.0,3,Obstacle,4
478,11239.966078343017,Looking At,0.0,3,Obstacle,4
478,11239.977453770263,Looking At,0.0,3,Obstacle,4
479,11239.98704391919,Looking At,0.0,3,Obstacle,4
481,11240.018904270752,Looking At,0.0,3,Obstacle,4
482,11240.039625706298,Looking At,0.0,3,Obstacle,4
482,11240.048025669677,Looking At,0.0,3,Obstacle,4
483,11240.060965122802,Looking At,0.0,3,Obstacle,4
484,11240.07720810376,Looking At,0.0,3,Obstacle,4
485,11240.088087620361,Looking At,0.0,3,Obstacle,4
486,11240.099928440673,Looking At,0.0,3,Obstacle,4
487,11240.11472183667,Looking At,0.0,3,Obstacle,4
488,11240.12504440747,Looking At,0.0,3,Obstacle,4
489,11240.137693943603,Looking At,0.0,4,Obstacle,4
490,11240.153990330322,Looking At,0.0,4,Obstacle,4
491,11240.161894383056,Looking At,0.0,4,Obstacle,4
493,11240.188681187255,Looking At,0.0,4,Obstacle,4
493,11240.19860702954,Looking At,0.0,4,Obstacle,4
495,11240.225004734619,Looking At,0.0,4,Obstacle,4
504,11240.357359470947,Looking At,0.0,4,Obstacle,4
505,11240.37268692456,Looking At,0.0,4,Obstacle,4
505,11240.385168614013,Looking At,0.0,4,Obstacle,4
506,11240.395994724853,Looking At,0.0,4,Obstacle,4
507,11240.415365757568,Looking At,0.0,4,Obstacle,4
508,11240.4288545271,Looking At,0.0,4,Obstacle,4
509,11240.444746555908,Looking At,0.0,4,Obstacle,4
510,11240.45749527417,Looking At,0.0,4,Obstacle,4
512,11240.488890232666,Looking At,0.0,3,Obstacle,4
513,11240.500860752685,Looking At,0.0,3,Obstacle,4
515,11240.530462803466,Looking At,0.0,3,Obstacle,4
515,11240.53991562329,Looking At,0.0,3,Obstacle,4
516,11240.549963535888,Looking At,0.0,3,Obstacle,4
517,11240.563253941162,Looking At,0.0,3,Obstacle,4
518,11240.58280044995,Looking At,0.0,3,Obstacle,4
519,11240.593206944091,Looking At,0.0,3,Obstacle,4
520,11240.615316929443,Looking At,0.0,3,Obstacle,4
521,11240.628622593505,Looking At,0.0,3,Obstacle,4
522,11240.643629612548,Looking At,0.0,3,Obstacle,4
522,11240.644041599853,Intercepted,0.0,3,Obstacle,
523,11240.655783238037,Looking At,0.0,3,Obstacle,4
524,11240.671064915283,Looking At,0.0,3,Obstacle,4
525,11240.681204380615,Looking At,0.0,3,Obstacle,4
526,11240.692534031494,Looking At,0.0,3,Obstacle,4
527,11240.71286636792,Looking At,0.0,3,Obstacle,4
528,11240.7237764021,Looking At,0.0,3,Obstacle,4
528,11240.725065769775,Spawning,0.0,5,Obstacle,
529,11240.746969761474,Looking At,0.0,3,Obstacle,4
531,11240.776457371338,Looking At,0.0,3,Obstacle,4
531,11240.787397923095,Looking At,0.0,3,Obstacle,4
532,11240.79774338208,Looking At,0.0,3,Obstacle,4
533,11240.81978470288,Looking At,0.0,3,Obstacle,4
534,11240.83638626538,Looking At,0.0,3,Obstacle,4
535,11240.846678318603,Looking At,0.0,3,Obstacle,4
536,11240.860022129638,Looking At,0.0,3,Obstacle,4
537,11240.87692886792,Looking At,0.0,3,Obstacle,4
538,11240.889486851318,Looking At,0.0,3,Obstacle,4
539,11240.90410477124,Looking At,0.0,3,Obstacle,4
540,11240.921171726806,Looking At,0.0,3,Obstacle,4
541,11240.932447971923,Looking At,0.0,4,Obstacle,4
542,11240.951979221923,Looking At,0.0,4,Obstacle,4
543,11240.965323032959,Looking At,0.0,4,Obstacle,4
544,11240.9807496687,Looking At,0.0,4,Obstacle,4
545,11240.993170322998,Looking At,0.0,4,Obstacle,4
546,11241.007628025634,Looking At,0.0,4,Obstacle,4
547,11241.019056858642,Looking At,0.0,4,Obstacle,4
548,11241.034079136474,Looking At,0.0,4,Obstacle,4
550,11241.06126266919,Looking At,0.0,4,Obstacle,4
550,11241.071798863037,Looking At,0.0,4,Obstacle,4
551,11241.081213535888,Looking At,0.0,4,Obstacle,4
555,11241.138136448486,Intercepted,0.0,4,Obstacle,
557,11241.16890579663,Looking At,0.0,4,Obstacle,4
559,11241.194357456787,Looking At,0.0,4,Obstacle,4
560,11241.20796829663,Looking At,0.0,4,Obstacle,4
561,11241.224356236084,Looking At,0.0,4,Obstacle,4
563,11241.25315720044,Looking At,0.0,3,Obstacle,4
563,11241.261557163818,Looking At,0.0,3,Obstacle,4
564,11241.281515659912,Looking At,0.0,3,Obstacle,4
565,11241.294935764892,Looking At,0.0,3,Obstacle,4
566,11241.310057224853,Looking At,0.0,3,Obstacle,4
567,11241.319105686767,Looking At,0.0,3,Obstacle,4
568,11241.331083836181,Looking At,0.0,3,Obstacle,4
569,11241.352530064209,Looking At,0.0,3,Obstacle,4
570,11241.360838474853,Looking At,0.0,3,Obstacle,4
572,11241.393972935302,Looking At,0.0,3,Obstacle,4
572,11241.405508579834,Looking At,0.0,3,Obstacle,4
573,11241.415663303955,Looking At,0.0,3,Obstacle,4
574,11241.429434361084,Looking At,0.0,3,Obstacle,4
575,11241.446463169677,Looking At,0.0,3,Obstacle,4
576,11241.45488602124,Looking At,0.0,3,Obstacle,4
578,11241.48361069165,Looking At,0.0,3,Obstacle,4
579,11241.50509506665,Looking At,0.0,3,Obstacle,4
579,11241.513754429443,Looking At,0.0,3,Obstacle,4
580,11241.52780777417,Looking At,0.0,3,Obstacle,4
581,11241.54040390454,Looking At,0.0,3,Obstacle,4
582,11241.551680149658,Looking At,0.0,4,Obstacle,4
586,11241.616110386474,Looking At,0.0,5,Obstacle,3
586,11241.62585312329,Looking At,0.0,5,Obstacle,3
589,11241.669447483642,Looking At,0.0,5,Obstacle,3
590,11241.6897340437,Looking At,0.0,5,Obstacle,3
590,11241.697653355224,Looking At,0.0,5,Obstacle,3
591,11241.718466343505,Looking At,0.0,5,Obstacle,3
591,11241.726629795654,Looking At,0.0,5,Obstacle,3
592,11241.738791050537,Looking At,0.0,5,Obstacle,3
594,11241.76013046704,Looking At,0.0,5,Obstacle,3
594,11241.772322239502,Looking At,0.0,5,Obstacle,3
595,11241.780882420166,Looking At,0.0,5,Obstacle,3
596,11241.79471451245,Looking At,0.0,5,Obstacle,3
598,11241.8233857771,Looking At,0.0,5,Obstacle,3
598,11241.833746494873,Looking At,0.0,5,Obstacle,3
599,11241.85241562329,Looking At,0.0,5,Obstacle,3
600,11241.863989414795,Looking At,0.0,5,Obstacle,3
601,11241.884138645752,Looking At,0.0,5,Obstacle,3
602,11241.892668308838,Looking At,0.0,5,Obstacle,3
603,11241.910711826904,Looking At,0.0,5,Obstacle,3
604,11241.924070896728,Looking At,0.0,5,Obstacle,3
605,11241.935095371826,Looking At,0.0,5,Obstacle,3
606,11241.951223911865,Looking At,0.0,5,Obstacle,3
607,11241.966612400634,Looking At,0.0,5,Obstacle,3
608,11241.985273899658,Looking At,0.0,5,Obstacle,3
609,11241.99793869458,Looking At,0.0,5,Obstacle,3
610,11242.016043247802,Looking At,0.0,5,Obstacle,3
611,11242.02462631665,Looking At,0.0,5,Obstacle,3
612,11242.036299290283,Looking At,0.0,5,Obstacle,3
613,11242.060316624267,Looking At,0.0,5,Obstacle,3
613,11242.07166916333,Looking At,0.0,5,Obstacle,3
614,11242.081663670166,Looking At,0.0,5,Obstacle,3
615,11242.094397129638,Looking At,0.0,5,Obstacle,3
617,11242.122801365478,Looking At,0.0,5,Obstacle,3
617,11242.13189560376,Looking At,0.0,5,Obstacle,3
618,11242.152929844482,Looking At,0.0,5,Obstacle,3
619,11242.166449131591,Looking At,0.0,5,Obstacle,3
620,11242.185011448486,Looking At,0.0,5,Obstacle,3
621,11242.1964326521,Looking At,0.0,5,Obstacle,3
622,11242.21416336499,Looking At,0.0,5,Obstacle,3
623,11242.226294102295,Looking At,0.0,5,Obstacle,3
623,11242.227003635986,Spawning,0.0,6,Obstacle,
624,11242.241392674072,Looking At,0.0,5,Obstacle,3
625,11242.256414951904,Looking At,0.0,5,Obstacle,3
626,11242.272093357666,Looking At,0.0,5,Obstacle,3
627,11242.288542332275,Looking At,0.0,5,Obstacle,3
628,11242.300375523193,Looking At,0.0,5,Obstacle,3
629,11242.31848770581,Looking At,0.0,5,Obstacle,3
630,11242.327856602295,Looking At,0.0,5,Obstacle,3
631,11242.353125156982,Looking At,0.0,5,Obstacle,3
633,11242.380644383056,Looking At,0.0,5,Obstacle,3
633,11242.387686314209,Looking At,0.0,5,Obstacle,3
634,11242.39996201001,Looking At,0.0,5,Obstacle,3
635,11242.41947800122,Looking At,0.0,5,Obstacle,3
636,11242.437368931396,Looking At,0.0,5,Obstacle,3
637,11242.448401035888,Looking At,0.0,5,Obstacle,3
638,11242.463141026123,Looking At,0.0,5,Obstacle,3
639,11242.48255020581,Looking At,0.0,5,Obstacle,3
640,11242.492193760498,Looking At,0.0,5,Obstacle,3
641,11242.50315720044,Looking At,0.0,5,Obstacle,3
642,11242.527273716552,Looking At,0.0,5,Obstacle,3
643,11242.539312901123,Looking At,0.0,5,Obstacle,3
644,11242.553358616455,Looking At,0.0,5,Obstacle,3
645,11242.568113865478,Looking At,0.0,5,Obstacle,3
646,11242.5774293562,Looking At,0.0,5,Obstacle,3
652,11242.68170029126,Intercepted,0.0,5,Obstacle,
657,11242.74883133374,Looking At,0.0,5,Obstacle,3
658,11242.763380589111,Looking At,0.0,5,Obstacle,3
659,11242.778906406982,Looking At,0.0,5,Obstacle,3
660,11242.789465489013,Looking At,0.0,5,Obstacle,3
661,11242.80442673169,Looking At,0.0,5,Obstacle,3
668,11242.92942673169,Looking At,0.0,5,Obstacle,3
670,11242.962553562744,Looking At,0.0,6,Obstacle,2
671,11242.9827027937,Looking At,0.0,6,Obstacle,2
672,11242.990881504638,Looking At,0.0,6,Obstacle,2
680,11243.125067295654,Looking At,0.0,6,Obstacle,2
681,11243.133902134521,Looking At,0.0,6,Obstacle,2
682,11243.155928196533,Looking At,0.0,6,Obstacle,2
684,11243.185446323974,Looking At,0.0,6,Obstacle,2
684,11243.193022312744,Looking At,0.0,6,Obstacle,2
685,11243.211897434814,Looking At,0.0,6,Obstacle,2
685,11243.223249973877,Looking At,0.0,6,Obstacle,2
687,11243.241560520752,Looking At,0.0,6,Obstacle,2
687,11243.252020420654,Looking At,0.0,6,Obstacle,2
688,11243.259954990966,Looking At,0.0,6,Obstacle,2
690,11243.286055149658,Looking At,0.0,6,Obstacle,2
690,11243.296476902588,Looking At,0.0,6,Obstacle,2
697,11243.399832310302,Looking At,0.0,6,Obstacle,2
698,11243.414084019287,Looking At,0.0,6,Obstacle,2
699,11243.428419651611,Looking At,0.0,6,Obstacle,2
700,11243.444349827392,Looking At,0.0,6,Obstacle,2
701,11243.458746494873,Looking At,0.0,6,Obstacle,2
702,11243.473196568115,Looking At,0.0,6,Obstacle,2
703,11243.482473911865,Looking At,0.0,6,Obstacle,2
704,11243.496450962646,Looking At,0.0,6,Obstacle,2
705,11243.521086277588,Looking At,0.0,6,Obstacle,2
706,11243.529333653076,Looking At,0.0,6,Obstacle,2
707,11243.553106846435,Looking At,0.0,6,Obstacle,2
708,11243.567953648193,Looking At,0.0,6,Obstacle,2
709,11243.582274021728,Looking At,0.0,6,Obstacle,2
710,11243.596144260986,Looking At,0.0,6,Obstacle,2
712,11243.6237474104,Looking At,0.0,6,Obstacle,2
712,11243.63302475415,Looking At,0.0,6,Obstacle,2
713,11243.648619236572,Looking At,0.0,6,Obstacle,2
715,11243.664503635986,Looking At,0.0,6,Obstacle,2
715,11243.675489964111,Looking At,0.0,6,Obstacle,2
716,11243.683981480224,Looking At,0.0,6,Obstacle,2
716,11243.69382339917,Looking At,0.0,6,Obstacle,2
718,11243.726736607177,Looking At,0.0,6,Obstacle,2
718,11243.727202000244,Intercepted,0.0,6,Obstacle,
719,11243.742582859619,Looking At,0.0,6,Obstacle,2
719,11243.743353428466,Spawning,0.0,7,Obstacle,
720,11243.75802475415,Looking At,0.0,6,Obstacle,2
721,11243.78642898999,Looking At,0.0,6,Obstacle,2
722,11243.795683445556,Looking At,0.0,6,Obstacle,2
723,11243.814077915771,Looking At,0.0,6,Obstacle,2
724,11243.829359593017,Looking At,0.0,6,Obstacle,2
725,11243.845312656982,Looking At,0.0,6,Obstacle,2
726,11243.858603062255,Looking At,0.0,6,Obstacle,2
727,11243.882910313232,Looking At,0.0,6,Obstacle,2
728,11243.8913255354,Looking At,0.0,6,Obstacle,2
728,11243.913351597412,Looking At,0.0,6,Obstacle,2
729,11243.925489964111,Looking At,0.0,6,Obstacle,2
730,11243.940527500732,Looking At,0.0,6,Obstacle,2
731,11243.957052769287,Looking At,0.0,6,Obstacle,2
732,11243.96539169751,Looking At,0.0,6,Obstacle,2
733,11243.988310398681,Looking At,0.0,6,Obstacle,2
734,11244.001097263916,Looking At,0.0,6,Obstacle,2
734,11244.016630711181,Looking At,0.0,6,Obstacle,2
735,11244.028341831787,Looking At,0.0,6,Obstacle,2
736,11244.0450654646,Looking At,0.0,6,Obstacle,2
753,11244.291174473388,Looking At,0.0,7,Obstacle,2
753,11244.298056187255,Looking At,0.0,7,Obstacle,2
755,11244.340414585693,Looking At,0.0,7,Obstacle,2
756,11244.355978550537,Looking At,0.0,7,Obstacle,2
757,11244.363272251709,Looking At,0.0,7,Obstacle,2
758,11244.388792576416,Looking At,0.0,7,Obstacle,2
759,11244.39954239331,Looking At,0.0,7,Obstacle,2
760,11244.424353184326,Looking At,0.0,7,Obstacle,2
760,11244.434729160888,Looking At,0.0,7,Obstacle,2
761,11244.455984654052,Looking At,0.0,7,Obstacle,2
762,11244.470503391845,Looking At,0.0,7,Obstacle,2
763,11244.482992710693,Looking At,0.0,7,Obstacle,2
764,11244.496229710205,Looking At,0.0,7,Obstacle,2
765,11244.515326084716,Looking At,0.0,7,Obstacle,2
766,11244.527014317138,Looking At,0.0,7,Obstacle,2
767,11244.541609348877,Looking At,0.0,7,Obstacle,2
768,11244.556082310302,Looking At,0.0,7,Obstacle,2
769,11244.566229405029,Looking At,0.0,7,Obstacle,2
770,11244.589644016845,Looking At,0.0,7,Obstacle,2
771,11244.60120254956,Looking At,0.0,7,Obstacle,2
771,11244.611761631591,Looking At,0.0,7,Obstacle,2
772,11244.621367039306,Looking At,0.0,7,Obstacle,2
772,11244.631216587646,Looking At,0.0,7,Obstacle,2
773,11244.657492222412,Looking At,0.0,7,Obstacle,2
774,11244.672247471435,Looking At,0.0,7,Obstacle,2
776,11244.701376499755,Looking At,0.0,7,Obstacle,2
777,11244.721510471923,Looking At,0.0,7,Obstacle,2
779,11244.760733189209,Looking At,0.0,7,Obstacle,2
781,11244.789000095947,Looking At,0.0,7,Obstacle,2
781,11244.798140110595,Looking At,0.0,7,Obstacle,2
782,11244.81255966626,Looking At,0.0,7,Obstacle,2
783,11244.825789036377,Looking At,0.0,7,Obstacle,2
787,11244.892027439697,Looking At,0.0,7,Obstacle,2
788,11244.900793614013,Looking At,0.0,7,Obstacle,2
789,11244.92339951001,Looking At,0.0,7,Obstacle,2
797,11245.052313389404,Intercepted,0.0,7,Obstacle,
802,11245.155340733154,Looking At,0.0,7,Obstacle,2
803,11245.173040928466,Looking At,0.0,7,Obstacle,2
804,11245.182127537353,Looking At,0.0,7,Obstacle,2
805,11245.191267552002,Looking At,0.0,7,Obstacle,2
806,11245.210669102295,Looking At,0.0,7,Obstacle,2
807,11245.224524082763,Looking At,0.0,7,Obstacle,2
808,11245.2448411604,Looking At,0.0,7,Obstacle,2
809,11245.256994785888,Looking At,0.0,7,Obstacle,2
809,11245.257391514404,Spawning,0.0,8,Obstacle,
810,11245.265051426513,Looking At,0.0,7,Obstacle,2
811,11245.293386997802,Looking At,0.0,7,Obstacle,2
812,11245.31237656079,Looking At,0.0,7,Obstacle,2
812,11245.333853306396,Looking At,0.0,7,Obstacle,2
813,11245.349997105224,Looking At,0.0,7,Obstacle,2
814,11245.36650711499,Looking At,0.0,7,Obstacle,2
815,11245.386900486572,Looking At,0.0,7,Obstacle,2
862,11246.091299595459,Looking At,0.0,8,Obstacle,4
863,11246.116537632568,Looking At,0.0,8,Obstacle,4
865,11246.142889561279,Looking At,0.0,8,Obstacle,4
866,11246.161017002685,Looking At,0.0,8,Obstacle,4
868,11246.1876435896,Looking At,0.0,8,Obstacle,4
870,11246.226805271728,Looking At,0.0,8,Obstacle,4
871,11246.24940353833,Looking At,0.0,8,Obstacle,4
874,11246.270109715088,Looking At,0.0,8,Obstacle,4
874,11246.280745091064,Looking At,0.0,8,Obstacle,4
875,11246.289984287841,Looking At,0.0,8,Obstacle,4
876,11246.310141148193,Looking At,0.0,8,Obstacle,4
877,11246.32239395581,Looking At,0.0,8,Obstacle,4
877,11246.336836399658,Looking At,0.0,8,Obstacle,4
878,11246.352858128173,Looking At,0.0,8,Obstacle,4
879,11246.361044468505,Looking At,0.0,8,Obstacle,4
879,11246.374350132568,Looking At,0.0,8,Obstacle,4
880,11246.388983311279,Looking At,0.0,8,Obstacle,4
881,11246.39905411206,Looking At,0.0,8,Obstacle,4
882,11246.42175156079,Looking At,0.0,8,Obstacle,4
883,11246.437010349853,Looking At,0.0,8,Obstacle,4
884,11246.446890415771,Looking At,0.0,8,Obstacle,4
885,11246.458693089111,Looking At,0.0,8,Obstacle,4
886,11246.474440159423,Looking At,0.0,8,Obstacle,4
887,11246.48401504956,Looking At,0.0,8,Obstacle,4
888,11246.496985020263,Looking At,0.0,8,Obstacle,4
889,11246.512548985107,Looking At,0.0,8,Obstacle,4
890,11246.522345127685,Looking At,0.0,8,Obstacle,4
891,11246.53511673413,Looking At,0.0,8,Obstacle,4
892,11246.55759293042,Looking At,0.0,8,Obstacle,4
892,11246.564871372802,Looking At,0.0,8,Obstacle,4
893,11246.587217869384,Looking At,0.0,8,Obstacle,4
893,11246.595900120361,Looking At,0.0,8,Obstacle,4
895,11246.628103794677,Looking At,0.0,8,Obstacle,4
896,11246.646917881591,Looking At,0.0,8,Obstacle,4
897,11246.660780491455,Looking At,0.0,8,Obstacle,4
899,11246.694220127685,Looking At,0.0,8,Obstacle,4
901,11246.70756393872,Looking At,0.0,8,Obstacle,4
901,11246.730589451416,Looking At,0.0,8,Obstacle,4
902,11246.751860203369,Looking At,0.0,8,Obstacle,4
905,11246.77201706372,Looking At,0.0,8,Obstacle,4
905,11246.772451939209,Spawning,0.0,9,Obstacle,
905,11246.783773960693,Intercepted,0.0,8,Obstacle,
915,11246.944136204345,Looking At,0.0,8,Obstacle,4
916,11246.956625523193,Looking At,0.0,8,Obstacle,4
917,11246.972281040771,Looking At,0.0,8,Obstacle,4
918,11246.983580174072,Looking At,0.0,8,Obstacle,4
919,11246.99564987622,Looking At,0.0,8,Obstacle,4
920,11247.01794296704,Looking At,0.0,8,Obstacle,4
921,11247.02885300122,Looking At,0.0,8,Obstacle,4
922,11247.047636570556,Looking At,0.0,8,Obstacle,4
923,11247.062132420166,Looking At,0.0,8,Obstacle,4
924,11247.07523971997,Looking At,0.0,8,Obstacle,4
925,11247.08729416333,Looking At,0.0,8,Obstacle,4
926,11247.1018434187,Looking At,0.0,8,Obstacle,4
927,11247.110464634521,Looking At,0.0,8,Obstacle,4
928,11247.125807346923,Looking At,0.0,8,Obstacle,4
929,11247.139555515869,Looking At,0.0,8,Obstacle,4
930,11247.161314549072,Looking At,0.0,8,Obstacle,4
930,11247.175650181396,Looking At,0.0,8,Obstacle,4
931,11247.188429417236,Looking At,0.0,8,Obstacle,4
936,11247.259619297607,Looking At,0.0,9,Obstacle,1
938,11247.277006687744,Looking At,0.0,9,Obstacle,1
938,11247.286352696045,Looking At,0.0,9,Obstacle,1
938,11247.296087803466,Looking At,0.0,9,Obstacle,1
948,11247.445654453857,Looking At,0.0,9,Obstacle,1
949,11247.459333958252,Looking At,0.0,9,Obstacle,1
950,11247.473936619384,Looking At,0.0,9,Obstacle,1
951,11247.484236302002,Looking At,0.0,9,Obstacle,1
952,11247.496748509033,Looking At,0.0,9,Obstacle,1
953,11247.517889561279,Looking At,0.0,9,Obstacle,1
954,11247.525663914306,Looking At,0.0,9,Obstacle,1
956,11247.55995041333,Looking At,0.0,9,Obstacle,1
956,11247.567350926025,Looking At,0.0,9,Obstacle,1
957,11247.583532871826,Looking At,0.0,9,Obstacle,1
968,11247.786573948486,Looking At,0.0,9,Obstacle,1
968,11247.795599522216,Looking At,0.0,9,Obstacle,1
969,11247.815832676513,Looking At,0.0,9,Obstacle,1
970,11247.830069126709,Looking At,0.0,9,Obstacle,1
971,11247.859549107177,Looking At,0.0,9,Obstacle,1
972,11247.874785008056,Looking At,0.0,9,Obstacle,1
973,11247.88841110669,Looking At,0.0,9,Obstacle,1
974,11247.902502598388,Looking At,0.0,9,Obstacle,1
975,11247.917311253173,Looking At,0.0,9,Obstacle,1
976,11247.929670872314,Looking At,0.0,9,Obstacle,1
977,11247.949408115966,Looking At,0.0,9,Obstacle,1
978,11247.958113255127,Looking At,0.0,9,Obstacle,1
979,11247.972944798095,Looking At,0.0,9,Obstacle,1
981,11247.997862400634,Looking At,0.0,9,Obstacle,1
981,11248.009481968505,Looking At,0.0,9,Obstacle,1
982,11248.016371311767,Looking At,0.0,9,Obstacle,1
983,11248.034933628662,Looking At,0.0,9,Obstacle,1
984,11248.05164963208,Looking At,0.0,9,Obstacle,1
985,11248.059637608154,Looking At,0.0,9,Obstacle,1
986,11248.080885471923,Looking At,0.0,9,Obstacle,1
987,11248.093847813232,Looking At,0.0,9,Obstacle,1
989,11248.111448826416,Looking At,0.0,9,Obstacle,1
989,11248.124533238037,Looking At,0.0,9,Obstacle,1
990,11248.140333714111,Looking At,0.0,9,Obstacle,1
991,11248.149427952392,Looking At,0.0,9,Obstacle,1
992,11248.161131443603,Looking At,0.0,9,Obstacle,1
993,11248.178457798584,Looking At,0.0,9,Obstacle,1
994,11248.188566746338,Looking At,0.0,9,Obstacle,1
995,11248.201559605224,Looking At,0.0,9,Obstacle,1
996,11248.218344273193,Looking At,0.0,9,Obstacle,1
997,11248.242025913818,Looking At,0.0,9,Obstacle,1
997,11248.250265659912,Looking At,0.0,9,Obstacle,1
998,11248.260664524658,Looking At,0.0,9,Obstacle,1
999,11248.282057346923,Looking At,0.0,9,Obstacle,1
999,11248.282583775146,Spawning,0.0,10,Obstacle,
1000,11248.297697605713,Looking At,0.0,9,Obstacle,1
1001,11248.312353672607,Looking At,0.0,9,Obstacle,1
1002,11248.327063145263,Looking At,0.0,9,Obstacle,1
1002,11248.327459873779,Intercepted,0.0,9,Obstacle,
1003,11248.34916550122,Looking At,0.0,9,Obstacle,1
1004,11248.35755020581,Looking At,0.0,9,Obstacle,1
1005,11248.369886936767,Looking At,0.0,9,Obstacle,1
1006,11248.389738621338,Looking At,0.0,9,Obstacle,1
1007,11248.397780003173,Looking At,0.0,9,Obstacle,1
1008,11248.420439304931,Looking At,0.0,9,Obstacle,1
1009,11248.434050144775,Looking At,0.0,9,Obstacle,1
1009,11248.443159641845,Looking At,0.0,9,Obstacle,1
1010,11248.453054966552,Looking At,0.0,9,Obstacle,1
1010,11248.463202061279,Looking At,0.0,9,Obstacle,1
1011,11248.484808506591,Looking At,0.0,9,Obstacle,1
1012,11248.502661289795,Looking At,0.0,9,Obstacle,1
1013,11248.51299148999,Looking At,0.0,9,Obstacle,1
1014,11248.52561813794,Looking At,0.0,9,Obstacle,1
1016,11248.555395664795,Looking At,0.0,9,Obstacle,1
1016,11248.56173569165,Looking At,0.0,9,Obstacle,1
1017,11248.575567783935,Looking At,0.0,9,Obstacle,1
1017,11248.585081638916,Looking At,0.0,9,Obstacle,1
1018,11248.599592747314,Looking At,0.0,9,Obstacle,1
1019,11248.616896214111,Looking At,0.0,9,Obstacle,1
1020,11248.62733322583,Looking At,0.0,9,Obstacle,1
1021,11248.642965855224,Looking At,0.0,9,Obstacle,1
1022,11248.658316197021,Looking At,0.0,9,Obstacle,1
1024,11248.68193680249,Looking At,0.0,9,Obstacle,1
1024,11248.69554001294,Looking At,0.0,9,Obstacle,1
1025,11248.708365025146,Looking At,0.0,9,Obstacle,1
1026,11248.719404759033,Looking At,0.0,9,Obstacle,1
1027,11248.732412876709,Looking At,0.0,9,Obstacle,1
1028,11248.747374119384,Looking At,0.0,9,Obstacle,1
1029,11248.756437840088,Looking At,0.0,9,Obstacle,1
1039,11248.934355320556,Looking At,0.0,10,Obstacle,1
1040,11248.955671848877,Looking At,0.0,10,Obstacle,1
1042,11248.979925694091,Looking At,0.0,10,Obstacle,1
1044,11248.997496189697,Looking At,0.0,10,Obstacle,1
1044,11249.009710850341,Looking At,0.0,10,Obstacle,1
1045,11249.016867222412,Looking At,0.0,10,Obstacle,1
1045,11249.023352207763,Looking At,0.0,10,Obstacle,1
1046,11249.041388096435,Looking At,0.0,10,Obstacle,1
1047,11249.056067051513,Looking At,0.0,10,Obstacle,1
1048,11249.066122593505,Looking At,0.0,10,Obstacle,1
1049,11249.09047562085,Looking At,0.0,10,Obstacle,1
1050,11249.109106602295,Looking At,0.0,10,Obstacle,1
1050,11249.128538670166,Looking At,0.0,10,Obstacle,1
1065,11249.370779575927,Looking At,0.0,10,Obstacle,1
1066,11249.386602940185,Looking At,0.0,10,Obstacle,1
1066,11249.395697178466,Looking At,0.0,10,Obstacle,1
1075,11249.529203953369,Intercepted,0.0,10,Obstacle,
1092,11249.78455978833,Spawning,0.0,11,Obstacle,
1100,11249.919638218505,Looking At,0.0,11,Obstacle,3
1102,11249.94845444165,Looking At,0.0,11,Obstacle,3
1102,11249.957510532959,Looking At,0.0,11,Obstacle,3
1103,11249.9679170271,Looking At,0.0,11,Obstacle,3
1119,11250.200941624267,Looking At,0.0,11,Obstacle,3
1119,11250.211073460205,Looking At,0.0,11,Obstacle,3
1120,11250.221991123779,Looking At,0.0,11,Obstacle,3
1121,11250.235708775146,Looking At,0.0,11,Obstacle,3
1122,11250.250822605713,Looking At,0.0,11,Obstacle,3
1122,11250.26071793042,Looking At,0.0,11,Obstacle,3
1122,11250.271688999755,Looking At,0.0,11,Obstacle,3
1125,11250.302031101806,Looking At,0.0,11,Obstacle,3
1125,11250.312765659912,Looking At,0.0,11,Obstacle,3
1126,11250.32330185376,Looking At,0.0,11,Obstacle,3
1127,11250.341093601806,Looking At,0.0,11,Obstacle,3
1128,11250.352911533935,Looking At,0.0,11,Obstacle,3
1129,11250.36251694165,Looking At,0.0,11,Obstacle,3
1130,11250.385016026123,Looking At,0.0,11,Obstacle,3
1132,11250.41875320874,Looking At,0.0,11,Obstacle,3
1132,11250.425627293213,Looking At,0.0,11,Obstacle,3
1132,11250.435408177002,Looking At,0.0,11,Obstacle,3
1134,11250.46123367749,Looking At,0.0,11,Obstacle,3
1134,11250.470411839111,Looking At,0.0,11,Obstacle,3
1135,11250.484190525634,Looking At,0.0,11,Obstacle,3
1136,11250.49770218335,Looking At,0.0,11,Obstacle,3
1137,11250.514021458252,Looking At,0.0,11,Obstacle,3
1138,11250.522780003173,Looking At,0.0,11,Obstacle,3
1140,11250.547201695068,Looking At,0.0,11,Obstacle,3
1140,11250.561255039795,Looking At,0.0,11,Obstacle,3
1141,11250.579428257568,Looking At,0.0,11,Obstacle,3
1142,11250.594420017822,Looking At,0.0,11,Obstacle,3
1143,11250.605986179931,Looking At,0.0,11,Obstacle,3
1144,11250.61684280835,Looking At,0.0,11,Obstacle,3
1145,11250.626883091552,Looking At,0.0,11,Obstacle,3
1147,11250.65663010083,Looking At,0.0,11,Obstacle,3
1147,11250.665281834228,Looking At,0.0,11,Obstacle,3
1148,11250.68932968579,Looking At,0.0,11,Obstacle,3
1150,11250.713850559814,Looking At,0.0,11,Obstacle,3
1150,11250.72709518872,Looking At,0.0,11,Obstacle,3
1151,11250.747969212158,Looking At,0.0,11,Obstacle,3
1152,11250.761305393798,Looking At,0.0,11,Obstacle,3
1153,11250.77610641919,Looking At,0.0,11,Obstacle,3
1154,11250.787031712158,Looking At,0.0,11,Obstacle,3
1155,11250.79959732495,Looking At,0.0,11,Obstacle,3
1156,11250.817740025146,Looking At,0.0,11,Obstacle,3
1157,11250.827879490478,Looking At,0.0,11,Obstacle,3
1159,11250.842726292236,Looking At,0.0,11,Obstacle,3
1159,11250.852896275146,Looking At,0.0,11,Obstacle,3
1160,11250.862700047119,Looking At,0.0,11,Obstacle,3
1161,11250.88994461499,Looking At,0.0,11,Obstacle,3
1163,11250.914549412353,Looking At,0.0,11,Obstacle,3
1163,11250.932165684326,Looking At,0.0,11,Obstacle,3
1164,11250.95446640454,Looking At,0.0,11,Obstacle,3
1166,11250.975752415283,Looking At,0.0,11,Obstacle,3
1166,11250.987242283447,Looking At,0.0,11,Obstacle,3
1167,11251.008963169677,Looking At,0.0,11,Obstacle,3
1168,11251.041456760986,Looking At,0.0,11,Obstacle,3
1170,11251.088575901611,Intercepted,0.0,11,Obstacle,
1179,11251.294935764892,Spawning,0.0,12,Obstacle,
1227,11252.015890659912,Looking At,0.0,12,Obstacle,2
1227,11252.036299290283,Looking At,0.0,12,Obstacle,2
1230,11252.074461521728,Looking At,0.0,12,Obstacle,2
1230,11252.082121433838,Looking At,0.0,12,Obstacle,2
1231,11252.094816746338,Looking At,0.0,12,Obstacle,2
1237,11252.187399448974,Looking At,0.0,12,Obstacle,2
1238,11252.200247349365,Looking At,0.0,12,Obstacle,2
1239,11252.219969334228,Looking At,0.0,12,Obstacle,2
1239,11252.227446140869,Looking At,0.0,12,Obstacle,2
1240,11252.23864609204,Looking At,0.0,12,Obstacle,2
1241,11252.252539219482,Looking At,0.0,12,Obstacle,2
1243,11252.278021397216,Looking At,0.0,12,Obstacle,2
1243,11252.287664951904,Looking At,0.0,12,Obstacle,2
1244,11252.296545567138,Looking At,0.0,12,Obstacle,2
1245,11252.314039768798,Looking At,0.0,12,Obstacle,2
1248,11252.353628697021,Looking At,0.0,12,Obstacle,2
1249,11252.365629734619,Looking At,0.0,12,Obstacle,2
1250,11252.380529942138,Looking At,0.0,12,Obstacle,2
1252,11252.410826267822,Looking At,0.0,12,Obstacle,2
1253,11252.418386997802,Looking At,0.0,12,Obstacle,2
1254,11252.432455601318,Looking At,0.0,12,Obstacle,2
1266,11252.596594395263,Looking At,0.0,12,Obstacle,2
1267,11252.620825352295,Looking At,0.0,12,Obstacle,2
1278,11252.777937473877,Intercepted,0.0,12,Obstacle,
1279,11252.786589207275,Spawning,0.0,13,Obstacle,
1299,11253.167494358642,Looking At,0.0,13,Obstacle,3
1301,11253.192305149658,Looking At,0.0,13,Obstacle,3
1303,11253.23662430249,Looking At,0.0,13,Obstacle,3
1311,11253.336416782959,Looking At,0.0,13,Obstacle,3
1312,11253.353773655517,Looking At,0.0,13,Obstacle,3
1312,11253.362288059814,Looking At,0.0,13,Obstacle,3
1313,11253.385756077392,Looking At,0.0,13,Obstacle,3
1316,11253.404860081298,Looking At,0.0,13,Obstacle,3
1317,11253.430632176025,Looking At,0.0,13,Obstacle,3
1317,11253.442923130615,Looking At,0.0,13,Obstacle,3
1318,11253.451490940673,Looking At,0.0,13,Obstacle,3
1319,11253.464361729248,Looking At,0.0,13,Obstacle,3
1320,11253.483656468017,Looking At,0.0,13,Obstacle,3
1321,11253.492338718994,Looking At,0.0,13,Obstacle,3
1323,11253.509634556396,Looking At,0.0,13,Obstacle,3
1323,11253.518538059814,Looking At,0.0,13,Obstacle,3
1325,11253.541006626709,Looking At,0.0,13,Obstacle,3
1327,11253.567549290283,Looking At,0.0,13,Obstacle,3
1328,11253.589659275634,Looking At,0.0,13,Obstacle,3
1328,11253.601339878662,Looking At,0.0,13,Obstacle,3
1329,11253.618521275146,Looking At,0.0,13,Obstacle,3
1329,11253.629965366943,Looking At,0.0,13,Obstacle,3
1330,11253.648054661377,Looking At,0.0,13,Obstacle,3
1331,11253.663649143798,Looking At,0.0,13,Obstacle,3
1332,11253.682470860107,Looking At,0.0,13,Obstacle,3
1333,11253.705145420654,Looking At,0.0,13,Obstacle,3
1333,11253.724127354248,Looking At,0.0,13,Obstacle,3
1334,11253.732779087646,Looking At,0.0,13,Obstacle,3
1335,11253.750395359619,Looking At,0.0,13,Obstacle,3
1336,11253.765577854736,Looking At,0.0,13,Obstacle,3
1337,11253.783758701904,Looking At,0.0,13,Obstacle,3
1338,11253.794622959716,Looking At,0.0,13,Obstacle,3
1339,11253.81685501538,Looking At,0.0,13,Obstacle,3
1340,11253.836699070556,Looking At,0.0,13,Obstacle,3
1341,11253.85103470288,Looking At,0.0,13,Obstacle,3
1342,11253.862715305908,Looking At,0.0,13,Obstacle,3
1343,11253.88637405835,Looking At,0.0,13,Obstacle,3
1344,11253.894873203857,Looking At,0.0,13,Obstacle,3
1345,11253.925634922607,Looking At,0.0,13,Obstacle,3
1346,11253.94129806958,Looking At,0.0,13,Obstacle,3
1347,11253.955977024658,Looking At,0.0,13,Obstacle,3
1348,11253.97125107251,Looking At,0.0,13,Obstacle,3
1350,11254.011602940185,Looking At,0.0,13,Obstacle,3
1350,11254.020880283935,Looking At,0.0,13,Obstacle,3
1351,11254.034018101318,Looking At,0.0,13,Obstacle,3
1351,11254.034430088623,Intercepted,0.0,13,Obstacle,
1366,11254.294554295166,Spawning,0.0,14,Obstacle,
1368,11254.336287083252,Looking At,0.0,13,Obstacle,3
1369,11254.35096603833,Looking At,0.0,13,Obstacle,3
1370,11254.36773544751,Looking At,0.0,13,Obstacle,3
1372,11254.411718906982,Looking At,0.0,13,Obstacle,3
1372,11254.425703587158,Looking At,0.0,13,Obstacle,3
1373,11254.440199436767,Looking At,0.0,13,Obstacle,3
1374,11254.461012425048,Looking At,0.0,13,Obstacle,3
1375,11254.479338230713,Looking At,0.0,13,Obstacle,3
1376,11254.493666233642,Looking At,0.0,13,Obstacle,3
1378,11254.529944004638,Looking At,0.0,14,Obstacle,3
1379,11254.545515598877,Looking At,0.0,14,Obstacle,3
1389,11254.723028721435,Looking At,0.0,14,Obstacle,3
1390,11254.740492405517,Looking At,0.0,14,Obstacle,3
1392,11254.762732090576,Looking At,0.0,14,Obstacle,3
1392,11254.776320042236,Looking At,0.0,14,Obstacle,3
1393,11254.790388645752,Looking At,0.0,14,Obstacle,3
1394,11254.806204380615,Looking At,0.0,14,Obstacle,3
1395,11254.824019016845,Looking At,0.0,14,Obstacle,3
1396,11254.839552464111,Looking At,0.0,14,Obstacle,3
1397,11254.863539280517,Looking At,0.0,14,Obstacle,3
1398,11254.876905979736,Looking At,0.0,14,Obstacle,3
1399,11254.89214951001,Looking At,0.0,14,Obstacle,3
1400,11254.91614395581,Looking At,0.0,14,Obstacle,3
1401,11254.928618015869,Looking At,0.0,14,Obstacle,3
1402,11254.947905125244,Looking At,0.0,14,Obstacle,3
1408,11255.036909641845,Looking At,0.0,14,Obstacle,3
1410,11255.075628819091,Looking At,0.0,14,Obstacle,3
1410,11255.088697971923,Looking At,0.0,14,Obstacle,3
1411,11255.119513096435,Looking At,0.0,14,Obstacle,3
1412,11255.133741917236,Looking At,0.0,14,Obstacle,3
1413,11255.154738010986,Looking At,0.0,14,Obstacle,3
1414,11255.166578831298,Looking At,0.0,14,Obstacle,3
1415,11255.183905186279,Looking At,0.0,14,Obstacle,3
1416,11255.204191746338,Looking At,0.0,14,Obstacle,3
1417,11255.218359531982,Looking At,0.0,14,Obstacle,3
1418,11255.2331224104,Looking At,0.0,14,Obstacle,3
1419,11255.25289017163,Looking At,0.0,14,Obstacle,3
1420,11255.263586582763,Looking At,0.0,14,Obstacle,3
1421,11255.28454452954,Looking At,0.0,14,Obstacle,3
1422,11255.302908482177,Looking At,0.0,14,Obstacle,3
1423,11255.315367283447,Looking At,0.0,14,Obstacle,3
1452,11255.804884495361,Spawning,0.0,15,Obstacle,
1454,11255.836508335693,Looking At,0.0,14,Obstacle,3
1455,11255.855673374755,Looking At,0.0,14,Obstacle,3
1456,11255.8737474104,Looking At,0.0,14,Obstacle,3
1457,11255.887129368408,Looking At,0.0,14,Obstacle,3
1458,11255.902739109619,Looking At,0.0,14,Obstacle,3
1459,11255.923933567627,Looking At,0.0,14,Obstacle,3
1460,11255.947264256103,Looking At,0.0,14,Obstacle,3
1461,11255.960783543213,Looking At,0.0,14,Obstacle,3
1462,11255.982275547607,Looking At,0.0,14,Obstacle,3
1463,11255.994650425537,Looking At,0.0,14,Obstacle,3
1464,11256.019705357177,Looking At,0.0,14,Obstacle,3
1465,11256.036352696045,Looking At,0.0,14,Obstacle,3
1466,11256.050261082275,Looking At,0.0,14,Obstacle,3
1467,11256.064405979736,Looking At,0.0,14,Obstacle,3
1468,11256.086073460205,Looking At,0.0,14,Obstacle,3
1469,11256.112227024658,Looking At,0.0,14,Obstacle,3
1471,11256.133497776611,Looking At,0.0,14,Obstacle,3
1471,11256.145514072998,Looking At,0.0,14,Obstacle,3
1472,11256.156858982666,Looking At,0.0,14,Obstacle,3
1473,11256.172705235107,Looking At,0.0,14,Obstacle,3
1474,11256.191977085693,Looking At,0.0,14,Obstacle,3
1475,11256.205877842529,Looking At,0.0,14,Obstacle,3
1476,11256.22172409497,Looking At,0.0,14,Obstacle,3
1477,11256.23997360669,Looking At,0.0,14,Obstacle,3
1477,11256.240545811279,Intercepted,0.0,14,Obstacle,
1478,11256.252638401611,Looking At,0.0,14,Obstacle,3
1479,11256.268141331298,Looking At,0.0,14,Obstacle,3
1480,11256.291601719482,Looking At,0.0,14,Obstacle,3
1481,11256.30294662915,Looking At,0.0,14,Obstacle,3
1482,11256.323156895263,Looking At,0.0,14,Obstacle,3
1483,11256.33842331372,Looking At,0.0,14,Obstacle,3
1484,11256.354612888916,Looking At,0.0,14,Obstacle,3
1485,11256.373793186767,Looking At,0.0,14,Obstacle,3
1486,11256.391623081787,Looking At,0.0,14,Obstacle,3
1490,11256.450300755127,Looking At,0.0,15,Obstacle,2
1490,11256.462553562744,Looking At,0.0,15,Obstacle,2
1491,11256.47751480542,Looking At,0.0,15,Obstacle,2
1493,11256.509199680908,Looking At,0.0,15,Obstacle,2
1495,11256.532881321533,Looking At,0.0,15,Obstacle,2
1496,11256.557081760986,Looking At,0.0,15,Obstacle,2
1497,11256.58379227124,Looking At,0.0,15,Obstacle,2
1499,11256.606756748779,Looking At,0.0,15,Obstacle,2
1499,11256.617094578369,Looking At,0.0,15,Obstacle,2
1500,11256.627691807373,Looking At,0.0,15,Obstacle,2
1501,11256.64507919751,Looking At,0.0,15,Obstacle,2
1502,11256.658873142822,Looking At,0.0,15,Obstacle,2
1504,11256.676527561767,Looking At,0.0,15,Obstacle,2
1504,11256.689566197021,Looking At,0.0,15,Obstacle,2
1505,11256.70651871167,Looking At,0.0,15,Obstacle,2
1506,11256.721121372802,Looking At,0.0,15,Obstacle,2
1507,11256.735113682373,Looking At,0.0,15,Obstacle,2
1508,11256.757917942627,Looking At,0.0,15,Obstacle,2
1509,11256.786200108154,Looking At,0.0,15,Obstacle,2
1511,11256.806456150634,Looking At,0.0,15,Obstacle,2
1511,11256.816481175048,Looking At,0.0,15,Obstacle,2
1512,11256.828177036865,Looking At,0.0,15,Obstacle,2
1513,11256.844885410888,Looking At,0.0,15,Obstacle,2
1514,11256.861769260986,Looking At,0.0,15,Obstacle,2
1515,11256.879698338134,Looking At,0.0,15,Obstacle,2
1516,11256.894972385986,Looking At,0.0,15,Obstacle,2
1517,11256.914656223877,Looking At,0.0,15,Obstacle,2
1518,11256.925970615966,Looking At,0.0,15,Obstacle,2
1519,11256.944510044677,Looking At,0.0,15,Obstacle,2
1520,11256.961203159912,Looking At,0.0,15,Obstacle,2
1521,11256.98091751538,Looking At,0.0,15,Obstacle,2
1522,11256.997168125732,Looking At,0.0,15,Obstacle,2
1524,11257.034086765869,Looking At,0.0,15,Obstacle,2
1524,11257.042280735595,Looking At,0.0,15,Obstacle,2
1525,11257.054251255615,Looking At,0.0,15,Obstacle,2
1525,11257.063421787841,Looking At,0.0,15,Obstacle,2
1526,11257.09087997876,Looking At,0.0,15,Obstacle,2
1526,11257.091337742431,Intercepted,0.0,15,Obstacle,
1528,11257.112127842529,Looking At,0.0,15,Obstacle,2
1529,11257.127523960693,Looking At,0.0,15,Obstacle,2
1530,11257.149405064209,Looking At,0.0,15,Obstacle,2
1531,11257.15962845288,Looking At,0.0,15,Obstacle,2
1532,11257.1809449812,Looking At,0.0,15,Obstacle,2
1533,11257.200132908447,Looking At,0.0,15,Obstacle,2
1534,11257.211271824463,Looking At,0.0,15,Obstacle,2
1535,11257.225836338623,Looking At,0.0,15,Obstacle,2
1536,11257.244307102783,Looking At,0.0,15,Obstacle,2
1537,11257.256857456787,Looking At,0.0,15,Obstacle,2
1538,11257.272390904052,Looking At,0.0,15,Obstacle,2
1539,11257.303000034912,Looking At,0.0,15,Obstacle,2
1540,11257.314573826416,Looking At,0.0,15,Obstacle,2
1541,11257.329138340576,Looking At,0.0,15,Obstacle,2
1543,11257.368193211181,Looking At,0.0,15,Obstacle,2
1543,11257.380102696045,Looking At,0.0,15,Obstacle,2
1544,11257.392088474853,Looking At,0.0,15,Obstacle,2
1546,11257.411551060302,Looking At,0.0,15,Obstacle,2
1850,11262.30220657788,Experiment Ended,0.0,,,
